request_id,k6_endpoint,k6_status,k6_duration_ms,k6_waiting_ms,k6_receiving_ms,nginx_status,nginx_total_ms,nginx_upstream_ms,nginx_connect_ms,nginx_header_ms,gateway_status,gateway_total_ms,gateway_auth_ms,gateway_upstream_ms,gateway_other_ms,k6_minus_nginx_ms,nginx_minus_gateway_ms,k6_minus_gateway_ms
4efd40b8-d3c2-43e3-b905-9a24c8388329,,,,,,200,351.0,352.0,4.0,352.0,,,,,,,,
33077323-d156-4074-8282-39656caa986b,,,,,,200,215.0,216.0,4.0,216.0,,,,,,,,
50c533a6-7ffa-462b-ad79-7a4dc9c6f9c2,,,,,,200,226.0,224.0,0.0,224.0,,,,,,,,
8ae8154b-31e9-4b80-b290-fc46cff4f6e0,,,,,,404,5.0,8.0,0.0,8.0,,,,,,,,
f5ea7586-733d-4fc9-a387-91ad13f1807d,,,,,,200,186.0,184.0,0.0,184.0,,,,,,,,
779c98cb-6792-417a-9f17-6e3ca25a2c1b,,,,,,200,95.0,96.0,4.0,96.0,,,,,,,,
694d47e9-f9c8-42df-b787-d4d1b246f105,,,,,,200,122.0,120.0,0.0,120.0,,,,,,,,
b2478e1f-739e-47f3-980c-75c94da831c5,,,,,,200,138.0,140.0,4.0,140.0,,,,,,,,
dbce5402-413f-43c2-ba62-eb0f0efc2ced,,,,,,200,191.0,188.0,0.0,188.0,,,,,,,,
ceb2f57b-5994-4e07-8b2b-bd6fefe89a0b,,,,,,200,86.0,84.0,0.0,84.0,,,,,,,,
a7fb7f61-ca0f-4a3d-9245-3dc0b03ec07a,,,,,,200,151.0,152.0,0.0,152.0,,,,,,,,
88488b90-dd69-40b9-91d3-fbfcd515ba5a,,,,,,200,105.0,104.0,0.0,104.0,,,,,,,,
2c6c4972-1680-4927-98d8-e359a2aec8e8,,,,,,200,85.0,84.0,0.0,84.0,,,,,,,,
bc0705a1-b2e0-4a46-b609-2cef38848d4f,,,,,,200,108.0,108.0,0.0,108.0,,,,,,,,
be42ce7d-5da7-44f9-be66-ae5d7fd8df50,,,,,,200,77.0,76.0,0.0,76.0,,,,,,,,
061c675a-4c3d-45dc-a2ce-9bd9d9eff241,,,,,,200,96.0,96.0,0.0,96.0,,,,,,,,
99300a53-bbbd-4e6a-98b0-489ce5a8822f,,,,,,200,104.0,104.0,4.0,104.0,,,,,,,,
c13072e7-d0e8-455c-8101-2f7edd18cfe3,,,,,,200,179.0,180.0,0.0,180.0,,,,,,,,
7a1138fe-c177-4c93-98dc-dd0de2ffdb1e,,,,,,200,87.0,88.0,0.0,88.0,,,,,,,,
7bd19551-3662-4908-b1ba-fc8e39ddc382,,,,,,200,131.0,128.0,0.0,128.0,,,,,,,,
bcda3981-0840-492e-b978-d0f2b35195b6,,,,,,200,87.0,84.0,0.0,84.0,,,,,,,,
eb9d093f-ea21-4008-9db4-d9f74a7e67d6,,,,,,200,132.0,132.0,0.0,132.0,,,,,,,,
612c6e13-61e2-4976-90ca-73d5c1589542,,,,,,200,76.0,76.0,0.0,76.0,,,,,,,,
a4033b76-a4b1-4410-a10a-5e61ed9823f1,,,,,,200,121.0,120.0,0.0,120.0,,,,,,,,
7db89b42-e1fb-44cc-97ea-5a1efba39dd4,,,,,,200,95.0,96.0,0.0,96.0,,,,,,,,
11e9770a-1ca9-48bc-9c52-301da98f248c,,,,,,200,80.0,80.0,4.0,80.0,,,,,,,,
5a59c679-97d3-4a5c-a737-9f1cbf0a3dab,,,,,,200,74.0,76.0,0.0,76.0,,,,,,,,
c42f4de1-6083-460b-9dd4-b949306c7415,,,,,,200,73.0,76.0,4.0,76.0,,,,,,,,
9d86e629-53ed-48d5-94fc-0a1bcb4dae92,,,,,,200,75.0,76.0,0.0,76.0,,,,,,,,
a7b92877-68bb-4921-a460-0a0ed6bd48a5,,,,,,200,171.0,172.0,0.0,172.0,,,,,,,,
856b5071-afbd-490f-b788-e4362fb6e555,,,,,,200,122.0,120.0,0.0,120.0,,,,,,,,
c1c59ab5-506f-4b20-9aa4-16ac7cc96758,,,,,,200,105.0,104.0,0.0,104.0,,,,,,,,
80242371-d939-4077-afe0-fd131712c7b1,,,,,,200,117.0,116.0,0.0,116.0,,,,,,,,
f4eb7ec1-cc5a-460c-a4b4-6f2df7052e2c,,,,,,200,78.0,76.0,0.0,76.0,,,,,,,,
37113339-b66c-4abc-9233-2052ef51d580,,,,,,200,84.0,84.0,0.0,84.0,,,,,,,,
589255fc-691d-409c-a3ec-5ceb18195e8a,,,,,,200,107.0,104.0,0.0,104.0,,,,,,,,
2ce79510-88aa-4110-8c50-f987908a72e2,,,,,,200,89.0,88.0,0.0,88.0,,,,,,,,
57eea689-4964-47db-8c58-9a3b4266722b,,,,,,200,139.0,140.0,4.0,140.0,,,,,,,,
aeb7a27f-b4bc-4508-8112-e706695fdb73,,,,,,200,81.0,80.0,0.0,80.0,,,,,,,,
ce866c40-7322-4217-9700-ba3f29c9c206,,,,,,200,77.0,76.0,0.0,76.0,,,,,,,,
6fa770ca-3bca-480d-8561-39a5b9fe2a75,,,,,,200,71.0,72.0,4.0,72.0,,,,,,,,
9e9e837f-3695-45dd-af8d-4d56104e4f0b,,,,,,200,93.0,92.0,0.0,92.0,,,,,,,,
7be8ac53-1861-4128-b4ef-8ee3143ec0a6,,,,,,200,97.0,100.0,0.0,100.0,,,,,,,,
fdbfc06e-b3cb-4fc2-8a30-b630175da3c5,,,,,,200,71.0,72.0,0.0,72.0,,,,,,,,
2e1c930d-13ce-413e-8e56-bdf9d74773ad,,,,,,200,84.0,84.0,4.0,84.0,,,,,,,,
4defe5e3-ade5-443f-8571-1ba650e9f554,,,,,,200,109.0,112.0,4.0,112.0,,,,,,,,
52d66ee6-f3bc-4ab4-a644-b0bfa10bd6cd,,,,,,200,74.0,72.0,0.0,72.0,,,,,,,,
ebd21781-6eef-4bb4-82b6-2db287bef4a4,,,,,,200,88.0,88.0,0.0,88.0,,,,,,,,
badad7f8-8027-45ea-a05f-b23a1becb05f,,,,,,200,78.0,76.0,0.0,76.0,,,,,,,,
59e8803a-15ca-46ec-966d-1361a0a9e11e,,,,,,200,139.0,140.0,0.0,140.0,,,,,,,,
05eebbb6-751b-4aa6-96f6-9ff3b80b70fc,,,,,,200,96.0,96.0,4.0,96.0,,,,,,,,
3a9f2926-26c0-484e-9d68-9a876daf7523,,,,,,200,83.0,80.0,0.0,80.0,,,,,,,,
1acee9d6-196a-4a98-8385-805f02a9e29f,,,,,,200,91.0,92.0,0.0,92.0,,,,,,,,
79e33244-4e4f-4f9e-9f68-87af12a8e497,,,,,,200,81.0,80.0,0.0,80.0,,,,,,,,
9ea380df-2cf9-450b-a5b0-81f3e429b386,,,,,,200,77.0,76.0,0.0,76.0,,,,,,,,
6926ec38-a2fc-46ec-9846-a49fb63ecc78,,,,,,200,89.0,88.0,0.0,88.0,,,,,,,,
2beb16a1-6186-4cb3-bc29-db78dd2e3f0b,,,,,,200,128.0,128.0,0.0,128.0,,,,,,,,
ac9be4e9-4e7e-4ed5-a969-928f8b57a263,,,,,,200,76.0,76.0,0.0,76.0,,,,,,,,
b55e4687-1073-46df-9f32-d249bf0033fa,,,,,,200,81.0,80.0,0.0,80.0,,,,,,,,
b643a764-66f4-4f12-b985-1aae4e51de27,,,,,,200,132.0,132.0,0.0,132.0,,,,,,,,
a6adea68-0db1-4b6e-905c-f1ad217e3b11,,,,,,200,76.0,76.0,4.0,76.0,,,,,,,,
25d8cb97-a17f-45e4-b84b-80bc9c1f55bd,,,,,,200,79.0,80.0,0.0,80.0,,,,,,,,
7d256477-9303-47b4-af46-96f284a3fad7,,,,,,200,74.0,76.0,4.0,76.0,,,,,,,,
e2f93004-a6cd-4c01-802f-9ad4c07ac3f3,,,,,,200,80.0,80.0,0.0,80.0,,,,,,,,
86b383d3-48c7-4dbb-8126-5c297761a0c6,,,,,,200,83.0,80.0,0.0,80.0,,,,,,,,
783f444c-de5a-46e9-9e67-f9c1e2d39356,,,,,,200,82.0,80.0,0.0,80.0,,,,,,,,
ca9ef546-e546-42e9-9ccf-3789ebd7f1ce,,,,,,200,91.0,92.0,4.0,92.0,,,,,,,,
eb96fc9d-b93e-4dc2-ae36-a92f58f8eac1,,,,,,200,88.0,88.0,0.0,88.0,,,,,,,,
86fef24b-6739-4aba-a488-88050931f117,,,,,,200,90.0,92.0,0.0,92.0,,,,,,,,
5057a0a9-de0b-48a1-a9c7-88e1c144a516,,,,,,200,102.0,104.0,0.0,104.0,,,,,,,,
df229ed3-040c-4d4f-b6e4-132abfa4c793,,,,,,200,105.0,104.0,0.0,104.0,,,,,,,,
688de350-903a-426d-a3c6-7da9fc014379,,,,,,200,94.0,92.0,0.0,92.0,,,,,,,,
2ef8f33d-d612-4651-8105-154cedfb03c3,,,,,,200,91.0,92.0,0.0,92.0,,,,,,,,
36a96f89-610a-4477-83de-36234cfb7eb9,,,,,,200,90.0,92.0,0.0,92.0,,,,,,,,
40c41b5e-36c1-4f4f-bcdc-636e4c176edc,,,,,,200,95.0,96.0,0.0,96.0,,,,,,,,
0596fcb8-82bd-4cc5-87d1-cca2e9b0d904,,,,,,200,77.0,76.0,0.0,76.0,,,,,,,,
3c2b4557-b3b8-401d-b030-70722ff5c422,,,,,,200,130.0,128.0,0.0,128.0,,,,,,,,
c4d8791c-c392-44f6-abf3-2915a352152a,,,,,,200,78.0,80.0,0.0,80.0,,,,,,,,
151797d8-aed8-4cbe-9d00-c6535079f04e,,,,,,200,115.0,116.0,4.0,116.0,,,,,,,,
1e495f10-e1c1-4bfb-9864-47482e24a3cf,,,,,,200,107.0,108.0,0.0,108.0,,,,,,,,
1db23849-f891-4992-aa52-fef12da1ece6,,,,,,200,78.0,80.0,0.0,80.0,,,,,,,,
27f048fa-7e0c-4ea5-bd03-750cad4309f4,,,,,,200,71.0,68.0,0.0,68.0,,,,,,,,
f64a1947-0dd8-41de-8d41-6686f56fb395,,,,,,200,76.0,76.0,0.0,76.0,,,,,,,,
10c2f2b2-b4fa-40ba-9ae9-008f7769f948,,,,,,200,102.0,104.0,0.0,104.0,,,,,,,,
4965bbcb-817a-455d-bc10-8b077cae604a,,,,,,200,92.0,92.0,0.0,92.0,,,,,,,,
e3ce9b4c-4207-4316-b58f-19c5c69034d8,,,,,,200,74.0,72.0,0.0,72.0,,,,,,,,
ee0532c5-6444-4fd0-8d33-1a59d603b3ad,,,,,,200,145.0,144.0,0.0,144.0,,,,,,,,
10471b13-ed1f-4527-bd15-7553d245c560,,,,,,200,160.0,160.0,0.0,160.0,,,,,,,,
79f76498-9696-4bd6-9b54-fa65f6e5c7c5,,,,,,200,141.0,144.0,4.0,144.0,,,,,,,,
d107fc02-8f65-4802-9364-caf40f96b0cc,,,,,,200,87.0,88.0,0.0,88.0,,,,,,,,
087c8b39-76d7-4b82-ba0c-abb9ca5969dd,,,,,,200,72.0,72.0,0.0,72.0,,,,,,,,
25288f23-438d-4a52-b686-486f7a2fafce,,,,,,200,85.0,84.0,0.0,84.0,,,,,,,,
1152b675-7829-423a-bf2d-59f0ae6ba91c,,,,,,200,69.0,68.0,0.0,68.0,,,,,,,,
2d0810d8-ce8d-4ee8-ad4b-17b9b8a09e3a,,,,,,200,121.0,120.0,4.0,120.0,,,,,,,,
06a9a025-9fd8-4648-b4a2-940c3eb7c373,,,,,,200,142.0,140.0,0.0,140.0,,,,,,,,
b88cf3c5-3b8b-49ee-bb17-5b8b4be16b99,,,,,,200,119.0,120.0,0.0,120.0,,,,,,,,
15ee17f2-94f3-401f-80d0-7055459275d1,,,,,,200,127.0,128.0,0.0,128.0,,,,,,,,
b09f654a-cbd6-4fbf-aa82-0641bf1dd92d,,,,,,200,104.0,104.0,0.0,104.0,,,,,,,,
3c3c2160-5dbc-426e-be9e-65252e06708f,,,,,,200,95.0,96.0,0.0,96.0,,,,,,,,
d1191563-3956-47fc-9c75-30d2a8b448a2,,,,,,200,109.0,108.0,0.0,108.0,,,,,,,,
60322cc4-165b-4f90-8b5e-14dfea82c363,,,,,,200,76.0,76.0,0.0,76.0,,,,,,,,
a36209d0-2aaf-4f0c-ae57-0cfcce49cda8,,,,,,200,168.0,168.0,4.0,168.0,,,,,,,,
942a5f42-16e5-448a-9ae8-e0ce7717f60e,,,,,,200,173.0,172.0,0.0,172.0,,,,,,,,
8f4cd3d5-480c-4a8a-bad4-f6c0a71df1b0,,,,,,200,177.0,176.0,4.0,176.0,,,,,,,,
b993a7bb-ad3b-42d0-92a5-b1037f45eee3,,,,,,200,120.0,120.0,4.0,120.0,,,,,,,,
297186eb-948b-40f3-8b0e-117dd7029011,,,,,,200,85.0,88.0,4.0,88.0,,,,,,,,
63299836-3522-47f9-977e-15bb84ddad83,,,,,,200,128.0,128.0,0.0,128.0,,,,,,,,
52c72a27-9acb-42ba-8d30-13bc8f2ca337,,,,,,200,112.0,112.0,0.0,112.0,,,,,,,,
b27aec3d-bf9e-478d-a6f5-38347a45fa73,,,,,,200,84.0,80.0,0.0,80.0,,,,,,,,
0aadd1d2-e9ae-4a5b-901f-bf6cedfc4956,,,,,,200,80.0,80.0,0.0,80.0,,,,,,,,
23e645d8-2023-4899-b7b3-ef217b3b738b,,,,,,200,84.0,84.0,0.0,84.0,,,,,,,,
cf5823c9-c95b-4d06-b9dd-ee88841d3b0f,,,,,,200,75.0,76.0,0.0,76.0,,,,,,,,
3efa9365-433f-4f4c-b655-023acb0d6602,,,,,,200,73.0,72.0,0.0,72.0,,,,,,,,
af21f394-ab1e-451c-97f9-ea1b2ae4750f,,,,,,200,86.0,84.0,4.0,84.0,,,,,,,,
f0d2aa31-fd1a-495e-8ae6-9c516f9a8f1d,,,,,,200,87.0,84.0,0.0,84.0,,,,,,,,
95d97aad-ac13-457d-89e6-c6cba69ca3ca,,,,,,200,82.0,84.0,0.0,84.0,,,,,,,,
2b6c296c-0375-41fb-9be3-a88e5cc2b442,,,,,,200,158.0,156.0,0.0,156.0,,,,,,,,
51519881-530f-4c87-b711-c4322ef52916,,,,,,200,237.0,236.0,0.0,236.0,,,,,,,,
93a625e9-75fa-428a-8338-4aabaecdc968,,,,,,200,91.0,92.0,0.0,92.0,,,,,,,,
7019a067-88e5-4b70-be5f-e82f9c33af28,,,,,,200,75.0,76.0,0.0,76.0,,,,,,,,
f0e427a0-7063-418f-afd5-e9578e00ba74,,,,,,200,72.0,72.0,0.0,72.0,,,,,,,,
bf04aca8-2eb8-4d99-bc24-321047f09612,,,,,,200,78.0,80.0,0.0,80.0,,,,,,,,
5e3a869d-84d4-4474-9071-9e2a65d71088,,,,,,200,123.0,124.0,0.0,124.0,,,,,,,,
b0950018-3cf6-430d-9da6-a10e7de28ddb,,,,,,200,111.0,112.0,0.0,112.0,,,,,,,,
98a4c7d3-b961-4f05-80f9-1ae634d60908,,,,,,200,73.0,72.0,0.0,72.0,,,,,,,,
93bcc404-e56b-4d7d-b6e7-7573ee3d2fb1,,,,,,200,84.0,84.0,0.0,84.0,,,,,,,,
8bbd9ef0-605c-4ed3-aafe-9dad11d7cddf,,,,,,200,76.0,76.0,0.0,76.0,,,,,,,,
4e0b07f3-16e1-40ad-863e-c1a9c59bb825,,,,,,200,94.0,96.0,4.0,96.0,,,,,,,,
8fa20618-e2c8-418e-8b8e-7930a1eb907f,,,,,,200,77.0,76.0,0.0,76.0,,,,,,,,
6a2fc6aa-0ce4-4359-b754-1839a4dbc68d,,,,,,200,78.0,80.0,0.0,80.0,,,,,,,,
3f4c54fe-371d-4016-92b9-cd3e25974fc8,,,,,,200,81.0,80.0,0.0,80.0,,,,,,,,
5c12285e-11bc-4994-b546-f54e91444a6e,,,,,,200,77.0,76.0,0.0,76.0,,,,,,,,
79c828ae-941f-4600-9545-82071f9d03e9,,,,,,200,87.0,88.0,4.0,88.0,,,,,,,,
b30b528b-c64d-40d8-8c28-300e57a7a78e,,,,,,200,181.0,180.0,0.0,180.0,,,,,,,,
8c23742c-ed72-4cc5-96b7-698cc70b2d08,,,,,,200,178.0,180.0,0.0,180.0,,,,,,,,
890c3353-ee92-4728-8b8b-33119eb86e83,,,,,,200,94.0,92.0,0.0,92.0,,,,,,,,
b335e933-5f57-40ea-ae72-9f61100a442f,,,,,,200,131.0,132.0,0.0,132.0,,,,,,,,
051d30a3-d5bb-46c1-ad40-5aa59354871f,,,,,,200,174.0,172.0,0.0,172.0,,,,,,,,
8fd7faad-8762-418b-9b2e-904aa9b7bba8,,,,,,200,77.0,76.0,0.0,76.0,,,,,,,,
9a80f355-3064-4077-8a47-8454927df618,,,,,,200,75.0,76.0,0.0,76.0,,,,,,,,
7a539f6f-1365-448b-b252-5a763d063846,,,,,,200,72.0,72.0,0.0,72.0,,,,,,,,
643e9a0d-48ed-4e38-96e8-49e5b1772e34,,,,,,200,82.0,84.0,0.0,84.0,,,,,,,,
83d7ce64-cd4a-472c-b1eb-0138bd0df901,,,,,,200,74.0,72.0,0.0,72.0,,,,,,,,
4685c918-f470-4dcc-88c0-e4368a0bbf79,,,,,,200,80.0,80.0,0.0,80.0,,,,,,,,
1796680d-81a4-4065-baab-3e89e4e30422,,,,,,200,74.0,76.0,0.0,76.0,,,,,,,,
3b8a441b-6da3-41e4-bc1b-99e89ee55c03,,,,,,200,75.0,72.0,0.0,72.0,,,,,,,,
d2f87a5d-8443-4715-add5-db99ab7cebeb,,,,,,200,120.0,120.0,0.0,120.0,,,,,,,,
5f471e2c-8b6b-4ed2-8eaf-c5c207244978,,,,,,200,84.0,84.0,0.0,84.0,,,,,,,,
8f8786c9-8648-48f3-9a2d-c7c68958b68e,,,,,,200,90.0,92.0,0.0,92.0,,,,,,,,
fcb6dc71-ccd8-4a82-8de1-3db4926a5cad,,,,,,200,87.0,88.0,4.0,88.0,,,,,,,,
038c0ec2-a16a-47b1-8502-b9433090674c,,,,,,200,92.0,92.0,0.0,92.0,,,,,,,,
b186f99d-017e-4f16-955c-8e4bccf20dc8,,,,,,200,76.0,76.0,0.0,76.0,,,,,,,,
9cc987d9-d095-4efa-aa34-643512f2613b,,,,,,200,70.0,72.0,0.0,72.0,,,,,,,,
2c0bc2b7-6013-4764-91e5-c0e22fba117f,,,,,,200,91.0,92.0,0.0,92.0,,,,,,,,
f88c9080-fefe-485d-8feb-5138f396468b,,,,,,200,98.0,100.0,4.0,100.0,,,,,,,,
d70da53e-7b77-4704-964e-b6c6e0a67700,,,,,,200,76.0,76.0,0.0,76.0,,,,,,,,
c6cf6c79-cfff-4271-a690-9207e1007520,,,,,,200,70.0,72.0,0.0,72.0,,,,,,,,
76badcda-70d4-4b36-89cf-c6d75e7b5b7c,,,,,,200,83.0,84.0,0.0,84.0,,,,,,,,
6aff7b0b-c3ee-493f-a63e-761d01f02709,,,,,,200,85.0,84.0,0.0,84.0,,,,,,,,
6bdca67c-f303-400b-831a-f1896b834283,,,,,,200,77.0,76.0,0.0,76.0,,,,,,,,
cdbee60b-929d-44e6-8028-31213e8d03c0,,,,,,200,135.0,132.0,0.0,132.0,,,,,,,,
0833cacb-f58a-4ee5-a85d-6f8d702aa9d9,,,,,,200,128.0,132.0,4.0,132.0,,,,,,,,
d4246776-98cf-4b98-8287-382876baac24,,,,,,200,104.0,100.0,0.0,100.0,,,,,,,,
91819d15-212b-4e1b-88ae-a1db785ff6f3,,,,,,200,98.0,96.0,0.0,96.0,,,,,,,,
439768f6-b5be-4e48-b312-810ad1ade100,,,,,,200,72.0,68.0,0.0,68.0,,,,,,,,
b8449eed-704c-41eb-9fb3-20b5bb5d9ac9,,,,,,200,81.0,80.0,0.0,80.0,,,,,,,,
97f0681e-8af0-471a-9bdc-14a19b158564,,,,,,200,87.0,84.0,0.0,84.0,,,,,,,,
eba9a903-5fb1-4d5b-a920-a6f915e7776c,,,,,,200,74.0,76.0,4.0,76.0,,,,,,,,
36c6bfc7-39cc-4a90-aabb-342b68f46ae9,,,,,,200,68.0,68.0,0.0,68.0,,,,,,,,
f62eec68-dc7c-416d-8933-9fd82eb2f95e,,,,,,200,75.0,76.0,0.0,76.0,,,,,,,,
841f95a8-21ac-460c-8d34-ba827d4bbdd8,,,,,,200,102.0,100.0,0.0,100.0,,,,,,,,
0ce59a18-95c1-48fa-b727-6a175628ea65,,,,,,200,94.0,92.0,0.0,92.0,,,,,,,,
ba020542-3e4a-4ec1-b084-579cebd3606d,,,,,,200,100.0,100.0,8.0,100.0,,,,,,,,
6874b71c-b4f8-4cdf-bf51-3ce457685e01,,,,,,200,105.0,104.0,8.0,104.0,,,,,,,,
f96e8c33-c786-4741-ad43-1cde57dbde90,,,,,,200,84.0,84.0,0.0,84.0,,,,,,,,
4cc89d3c-901d-4557-ab2b-8ad8e896edf4,,,,,,200,135.0,132.0,0.0,132.0,,,,,,,,
7a02fb01-b198-4e28-baf7-2466f556b629,,,,,,200,75.0,72.0,0.0,72.0,,,,,,,,
f0d0098c-5ef0-46dc-b441-6b69c8d36900,,,,,,200,76.0,76.0,0.0,76.0,,,,,,,,
3e7dfe82-eae4-4824-bc68-5aa22f0c9369,,,,,,200,84.0,76.0,0.0,76.0,,,,,,,,
aede78fe-6113-46bf-b4ff-5c92aa8aeaea,,,,,,200,87.0,88.0,4.0,88.0,,,,,,,,
ddffa609-e7a1-4f17-9a64-fe0870579daa,,,,,,200,90.0,92.0,0.0,92.0,,,,,,,,
b3689650-6073-42fe-a514-e57581157631,,,,,,200,81.0,80.0,0.0,80.0,,,,,,,,
2289126f-ffa7-4933-833c-2f59334b1399,,,,,,200,90.0,88.0,0.0,88.0,,,,,,,,
e413c619-cfb5-4426-a17d-130f53bb10de,,,,,,200,84.0,84.0,0.0,84.0,,,,,,,,
3a8740fb-1a9d-4bf6-b66d-dabc0952bdda,,,,,,200,78.0,76.0,0.0,76.0,,,,,,,,
20375c4c-70e3-462f-a185-a9b6916788c0,,,,,,200,79.0,80.0,0.0,80.0,,,,,,,,
ede772e6-5487-4f7d-a042-f32a65cbfa4d,,,,,,200,73.0,76.0,0.0,76.0,,,,,,,,
b6a85192-d81e-43d1-b9d6-8b6f403dc6af,,,,,,200,74.0,72.0,0.0,72.0,,,,,,,,
1667141e-bdbc-48c1-9afc-52f79cae2215,,,,,,200,131.0,132.0,0.0,132.0,,,,,,,,
54006703-93de-4ac6-9542-437abca51302,,,,,,200,71.0,68.0,0.0,68.0,,,,,,,,
692bfd4e-13ff-427f-a46c-f94f9cf46c3b,,,,,,200,89.0,88.0,0.0,88.0,,,,,,,,
60f9554b-b489-43f4-9282-e88d416e2e1b,,,,,,200,91.0,92.0,0.0,92.0,,,,,,,,
7ce8714c-3452-42c9-a008-cbf1503c34d0,,,,,,200,88.0,88.0,4.0,88.0,,,,,,,,
79d85eb8-7e56-4b05-a086-7cf6f795735f,,,,,,200,97.0,96.0,0.0,96.0,,,,,,,,
242f187a-f779-4035-acb4-48c7f847e495,,,,,,200,73.0,76.0,4.0,76.0,,,,,,,,
e2f94ca8-30b3-413a-a8bc-7fb36cb720fa,,,,,,200,107.0,108.0,0.0,108.0,,,,,,,,
fbd0be1c-77bd-481b-acdd-eb7f797cf606,,,,,,200,138.0,140.0,0.0,140.0,,,,,,,,
545f00b0-c17c-40f5-a7d6-36e5f22ffcc2,,,,,,200,152.0,152.0,0.0,152.0,,,,,,,,
070039bd-47c6-477b-a646-cb633fc4bf23,,,,,,200,103.0,104.0,0.0,104.0,,,,,,,,
d8bb0f0b-97b3-4a96-a919-bf40935055c4,,,,,,200,98.0,96.0,0.0,96.0,,,,,,,,
79a77219-dc88-4a8c-9417-d7bb1e212fe0,,,,,,200,84.0,84.0,0.0,84.0,,,,,,,,
d50dc671-9868-4074-b275-54e75dd361f1,,,,,,200,81.0,80.0,0.0,80.0,,,,,,,,
ee182a28-e3fe-4ea8-a964-2d333299bd74,,,,,,200,90.0,92.0,0.0,92.0,,,,,,,,
5bb2c886-5c73-475c-a378-dcf7b2c40990,,,,,,200,112.0,112.0,0.0,112.0,,,,,,,,
8e5e43cc-cf19-467f-a689-480daf68a260,,,,,,200,132.0,132.0,0.0,132.0,,,,,,,,
2fac46cf-955c-4950-b721-f4b28ca98eeb,,,,,,200,128.0,128.0,4.0,128.0,,,,,,,,
08b34caf-8aee-44e5-a3aa-4f4c70288468,,,,,,200,84.0,84.0,4.0,84.0,,,,,,,,
4861ac43-92d6-4d0b-b141-38a220b263ab,,,,,,200,83.0,80.0,0.0,80.0,,,,,,,,
cc45ebb4-140e-42d8-bfbb-0c7a35007603,,,,,,200,76.0,76.0,0.0,76.0,,,,,,,,
3c2e3314-2fef-490d-9cd3-6d4ac3838a5b,,,,,,200,100.0,100.0,0.0,100.0,,,,,,,,
f3098e5a-e1f2-46cf-b89b-8693aa1ddd67,,,,,,200,77.0,80.0,4.0,80.0,,,,,,,,
d7b57ca7-aa6d-4af6-95f1-2e899f40c251,,,,,,200,79.0,80.0,0.0,80.0,,,,,,,,
123e55be-c9e7-4868-8ae3-5414b05a2761,,,,,,200,85.0,80.0,0.0,80.0,,,,,,,,
9a878d19-426a-4ba2-95fa-5e1f75b1621b,,,,,,200,85.0,84.0,0.0,84.0,,,,,,,,
57f6f289-6e10-4528-93c0-1006d6be2b72,,,,,,200,77.0,76.0,0.0,76.0,,,,,,,,
7fc3f064-ff37-4bf4-9a65-84c73eb71ce0,,,,,,200,85.0,88.0,4.0,88.0,,,,,,,,
49655186-1c59-4ff7-918e-91e90fd64308,,,,,,200,93.0,92.0,0.0,92.0,,,,,,,,
f6217f9f-c1ba-46ad-9df8-916ad3e71c6d,,,,,,200,91.0,92.0,0.0,92.0,,,,,,,,
6e3f9078-4825-44fc-9ed6-eb749721d7ba,,,,,,200,83.0,84.0,0.0,84.0,,,,,,,,
4f81add0-6b4e-4431-872d-2dfca4603b20,,,,,,200,297.0,296.0,0.0,296.0,,,,,,,,
2ee8103d-323d-4534-9230-e34f285f1cbb,,,,,,200,169.0,168.0,0.0,168.0,,,,,,,,
e3092b5b-302a-4726-b12f-e6943228038e,,,,,,200,160.0,160.0,4.0,160.0,,,,,,,,
e0580b40-86cb-411a-a668-bbaefaa46414,,,,,,200,76.0,76.0,0.0,76.0,,,,,,,,
5c024a6d-f782-40f4-8105-0751cd393719,,,,,,200,72.0,72.0,0.0,72.0,,,,,,,,
de03722b-275c-4769-887a-d68f52cb757a,,,,,,200,84.0,84.0,0.0,84.0,,,,,,,,
8d1ce0d7-d529-410f-abae-94e8337f7cd1,,,,,,200,81.0,80.0,0.0,80.0,,,,,,,,
6be02d95-91c6-4ff8-8973-ca11b8209718,,,,,,200,99.0,100.0,0.0,100.0,,,,,,,,
ef1061f6-f2e1-4c9e-a9c3-a5598e4abb1d,,,,,,200,120.0,120.0,0.0,120.0,,,,,,,,
11136c86-8a29-4227-9fd3-80bdeac98218,,,,,,200,100.0,100.0,0.0,100.0,,,,,,,,
0fd92e41-9491-445a-bc55-692c5e001537,,,,,,200,76.0,76.0,0.0,76.0,,,,,,,,
ae2756a4-ec13-40fb-b310-a96a321be00d,,,,,,200,83.0,84.0,0.0,84.0,,,,,,,,
7975a1bf-55b1-458d-ac36-7dfbb6d91034,,,,,,200,131.0,132.0,0.0,132.0,,,,,,,,
5d065a9c-8f04-4e63-881c-7e9b0108f180,,,,,,200,251.0,252.0,0.0,252.0,,,,,,,,
9801d920-08de-46a9-a3f7-dcc2596c74be,,,,,,200,87.0,88.0,0.0,88.0,,,,,,,,
89c0bbc3-4920-4741-81d4-4c1fca66db64,,,,,,200,89.0,88.0,0.0,88.0,,,,,,,,
b1b3c24f-d6f6-48f3-9f46-a48c36c5bd17,,,,,,200,79.0,80.0,0.0,80.0,,,,,,,,
0abd2850-d4f2-4583-9fc2-7200b3193d23,,,,,,200,74.0,76.0,4.0,76.0,,,,,,,,
b1f95f6b-6b0f-4018-bf80-b2170b121a50,,,,,,200,75.0,72.0,0.0,72.0,,,,,,,,
2310f646-b194-427b-b6ac-12340c76cfe4,,,,,,200,72.0,72.0,0.0,72.0,,,,,,,,
01789d2e-e027-4a11-ada5-febe3076a2ad,,,,,,200,86.0,88.0,4.0,88.0,,,,,,,,
60364177-ad06-440c-939f-20a2dffa2984,,,,,,200,88.0,88.0,0.0,88.0,,,,,,,,
4bb049fb-498e-4568-9b6d-1dd6fa908356,,,,,,200,76.0,76.0,0.0,76.0,,,,,,,,
842b2653-3396-4e41-9af3-83bb45e4ee4d,,,,,,200,80.0,80.0,0.0,80.0,,,,,,,,
3a4378b3-28eb-48ca-9b6d-e446031f72c9,,,,,,200,70.0,72.0,0.0,72.0,,,,,,,,
64a7c69f-d032-493d-b226-139da4820ed4,,,,,,200,73.0,72.0,0.0,72.0,,,,,,,,
c32b9790-fac5-48f5-a448-629209c49e52,,,,,,200,71.0,68.0,0.0,68.0,,,,,,,,
caa49bc4-7fc9-43f6-ad7f-f499930b5559,,,,,,200,75.0,76.0,0.0,76.0,,,,,,,,
dcbc25c5-81bf-45bb-9ec9-54cc7632c13c,,,,,,200,73.0,72.0,0.0,72.0,,,,,,,,
2eab28f7-0443-4e5f-97a3-674b90712c43,,,,,,200,71.0,72.0,0.0,72.0,,,,,,,,
0632547d-656b-4e0a-b6dc-8fa1aaf1b868,,,,,,200,70.0,72.0,0.0,72.0,,,,,,,,
649ed8d8-0c7d-4930-a9ca-e4afae2b5238,,,,,,200,87.0,88.0,0.0,88.0,,,,,,,,
729837c7-2ae1-4cb1-b360-c759acf26d2c,,,,,,200,131.0,132.0,0.0,132.0,,,,,,,,
25a7fbb7-90e0-4c3e-93d8-c6d15ab028e6,,,,,,200,87.0,88.0,0.0,88.0,,,,,,,,
d90d7722-01e8-48b2-8d76-5ba260dd39fb,,,,,,200,79.0,76.0,0.0,76.0,,,,,,,,
49ef305c-9fa4-40dd-9647-3c5fa610e89d,,,,,,200,99.0,100.0,0.0,100.0,,,,,,,,
b699f4ba-b9f1-49b9-883a-5b5f6927dd33,,,,,,200,71.0,72.0,0.0,72.0,,,,,,,,
45e67e66-95ae-4911-9651-eddc1b6d066f,,,,,,200,71.0,68.0,0.0,68.0,,,,,,,,
5570f959-8de0-4f44-b147-a619cc445e74,,,,,,200,89.0,92.0,0.0,92.0,,,,,,,,
3d19d8dd-c20b-489e-93bd-fcc1bf407131,,,,,,200,76.0,76.0,4.0,76.0,,,,,,,,
7fa0a536-29fb-460f-a794-472ca829cd69,,,,,,200,71.0,72.0,0.0,72.0,,,,,,,,
1d08a82e-34fb-48e8-b74c-cc6a2afcbebe,,,,,,200,79.0,80.0,0.0,80.0,,,,,,,,
c6eb78ec-0cd5-462e-bf68-e1ccc795ca55,,,,,,200,141.0,140.0,0.0,140.0,,,,,,,,
61555902-fc3a-4e40-a758-47f3176cc2a3,,,,,,200,93.0,96.0,4.0,96.0,,,,,,,,
39329769-23fe-4395-9078-7c73e7ec45d6,,,,,,200,78.0,76.0,0.0,76.0,,,,,,,,
c4c5606e-a502-490e-9815-49188d445e72,,,,,,200,74.0,76.0,0.0,76.0,,,,,,,,
e201947d-3eb2-4865-ba3c-4b19adf0fe34,,,,,,200,85.0,88.0,0.0,88.0,,,,,,,,
c13da10b-a6d2-4031-bee4-45e25766259a,,,,,,200,107.0,108.0,0.0,108.0,,,,,,,,
627b3adb-c13e-45eb-be8d-11ea4459cb0e,,,,,,200,119.0,120.0,0.0,120.0,,,,,,,,
8db4fde7-294c-46da-87da-da06b9bf9d75,,,,,,200,72.0,68.0,0.0,68.0,,,,,,,,
10c03cdc-8f93-43c8-a732-6aecb0a37e19,,,,,,200,83.0,84.0,0.0,84.0,,,,,,,,
f5f38a98-ef84-4fdc-8f80-90e744150276,,,,,,200,68.0,68.0,0.0,68.0,,,,,,,,
e118b112-dbd1-4f0b-8560-8bcebc858c7b,,,,,,200,75.0,76.0,0.0,76.0,,,,,,,,
08a09f3d-72ed-4f0d-8691-24110eeebaef,,,,,,200,80.0,80.0,4.0,80.0,,,,,,,,
048b996f-555d-43df-91ec-19f2d239d4e4,,,,,,200,186.0,188.0,4.0,188.0,,,,,,,,
5db95ce7-1463-492e-8430-72a1b7d6e527,,,,,,200,81.0,84.0,0.0,84.0,,,,,,,,
d7cf4f70-de27-4f4c-9624-8f4f54277a44,,,,,,200,81.0,84.0,0.0,84.0,,,,,,,,
c176a52f-9edf-4dde-b7d8-3318a20be452,,,,,,200,82.0,84.0,4.0,84.0,,,,,,,,
4450a9bb-593a-4d72-96df-6b19e9d02f57,,,,,,200,132.0,132.0,0.0,132.0,,,,,,,,
f6e8fdc5-0b97-4b84-b04b-7237751ea979,,,,,,200,93.0,88.0,8.0,88.0,,,,,,,,
abcc92bd-ca08-40bf-b7ae-b5c7b7dddeb1,,,,,,200,75.0,76.0,4.0,76.0,,,,,,,,
b3f0b642-9216-4ed2-bded-33d829565f9e,,,,,,200,76.0,80.0,4.0,80.0,,,,,,,,
70d3d52d-c7c8-47a7-977a-7a94c5993f63,,,,,,200,77.0,76.0,0.0,76.0,,,,,,,,
9e9e52ea-db35-4c07-b4f3-17d86b9333bb,,,,,,200,87.0,88.0,0.0,88.0,,,,,,,,
0801193a-7c54-4717-8795-8105d5e68a8e,,,,,,200,75.0,76.0,0.0,76.0,,,,,,,,
1dcfbf68-a6c8-484d-ab5d-98388778afbb,,,,,,200,85.0,84.0,0.0,84.0,,,,,,,,
094c9d4a-5bce-4a4c-beac-99ad63737ddd,,,,,,200,76.0,76.0,4.0,76.0,,,,,,,,
620092cc-1325-45a1-8277-58ea51953353,,,,,,200,88.0,84.0,0.0,84.0,,,,,,,,
9a409db7-6e33-4645-9648-6f87b1ab31f9,,,,,,200,101.0,104.0,0.0,104.0,,,,,,,,
ce135892-ecad-44fe-b625-9a9d27010a02,,,,,,200,81.0,80.0,0.0,80.0,,,,,,,,
b035cb42-752f-4a20-b5cc-c7b2e98e259d,,,,,,200,126.0,124.0,0.0,124.0,,,,,,,,
5e8677e8-e500-419b-89fe-c04d60c1475e,,,,,,200,88.0,88.0,0.0,88.0,,,,,,,,
41b25591-b67a-4cfb-b769-a20849dfe023,,,,,,200,83.0,84.0,0.0,84.0,,,,,,,,
dd985921-a737-40b7-b90e-8764307e9a8a,,,,,,200,75.0,76.0,0.0,76.0,,,,,,,,
0c4c0d6f-be6a-46c2-b15a-f8c3f32fa856,,,,,,200,74.0,72.0,0.0,72.0,,,,,,,,
23e19d1d-d4b4-4de0-b14a-9c6e1b11c35c,,,,,,200,77.0,80.0,0.0,80.0,,,,,,,,
bf2c691c-01e7-4869-92f4-eff8e9d2f43b,,,,,,200,72.0,72.0,4.0,72.0,,,,,,,,
2a152616-6b02-4e4c-a2ac-15c9f42e1564,,,,,,200,82.0,84.0,0.0,84.0,,,,,,,,
07bf86b1-03d6-4db0-930d-fca4aece7b53,,,,,,200,96.0,96.0,4.0,96.0,,,,,,,,
1487d512-8791-4463-95ee-42700aa03e29,,,,,,200,73.0,72.0,0.0,72.0,,,,,,,,
99e9adbe-1167-4cdf-808f-c88d0e494936,,,,,,200,74.0,72.0,0.0,72.0,,,,,,,,
f89a7eee-64d5-443d-8c03-44d8b02fc795,,,,,,200,90.0,92.0,4.0,92.0,,,,,,,,
cbc6eb94-f7f4-44c5-85d6-e204f08cdf2d,,,,,,200,106.0,104.0,0.0,104.0,,,,,,,,
721570b2-618b-470d-9aa6-a248c78f372b,,,,,,200,80.0,80.0,4.0,80.0,,,,,,,,
d8466463-2c15-479a-bba3-c6f3538f82d6,,,,,,200,82.0,80.0,0.0,80.0,,,,,,,,
d2760ce6-db5f-44e8-993e-e902ffe8f95e,,,,,,200,87.0,88.0,0.0,88.0,,,,,,,,
a4ac8437-38e5-45cc-9a0f-3e7ac4672923,,,,,,200,84.0,84.0,0.0,84.0,,,,,,,,
ca8eeb51-9fac-46b1-9b60-fe7a5f24a127,,,,,,200,77.0,76.0,0.0,76.0,,,,,,,,
c2861c94-d0de-46f8-a485-a55482710e81,,,,,,200,138.0,136.0,0.0,136.0,,,,,,,,
573d6efa-313f-4204-aa5f-c2f5bdd230a8,,,,,,200,159.0,156.0,0.0,156.0,,,,,,,,
e46f3312-4517-48db-911c-aec8ce17e7bc,,,,,,200,79.0,80.0,0.0,80.0,,,,,,,,
90d8f6a7-72b2-4929-ad95-4df1ae46fb71,,,,,,200,73.0,72.0,0.0,72.0,,,,,,,,
80ef20a4-ba00-4a3b-9780-8cdc24ff7cba,,,,,,200,80.0,80.0,0.0,80.0,,,,,,,,
6c1ff88d-c3e4-461d-8cc3-d26f9cd74f97,,,,,,200,65.0,68.0,0.0,68.0,,,,,,,,
86aa4feb-06dd-4f4d-92a8-3274b4943d60,,,,,,200,72.0,72.0,0.0,72.0,,,,,,,,
3a319d25-6812-4ece-ae11-32fd2bd5e22b,,,,,,200,82.0,84.0,4.0,84.0,,,,,,,,
2784f368-4658-433e-aeda-db4668eefea6,,,,,,200,84.0,80.0,0.0,80.0,,,,,,,,
b7b13a5e-4190-48fa-8b27-f40c153c4351,,,,,,200,101.0,100.0,0.0,100.0,,,,,,,,
c0434dcb-5fb8-46d3-b0c3-10e50882743b,,,,,,200,81.0,80.0,0.0,80.0,,,,,,,,
8fd12c45-a49b-4c58-8863-455d3c5a9c35,,,,,,200,70.0,68.0,0.0,68.0,,,,,,,,
9cb2a0bc-f56b-4a5b-8416-fcac36facfa1,,,,,,200,68.0,68.0,4.0,68.0,,,,,,,,
25a680ab-28e4-4699-bbc0-73d268a7234f,,,,,,200,125.0,124.0,0.0,124.0,,,,,,,,
d82f6fc1-d3e1-427b-9c03-dd3fb5a50d36,,,,,,200,78.0,80.0,0.0,80.0,,,,,,,,
3a704ce6-aaf5-4a7d-9d4b-0e17a2dc2cad,,,,,,200,73.0,72.0,0.0,72.0,,,,,,,,
45c4e46e-c28d-4eee-928b-426243e318f1,,,,,,200,80.0,80.0,0.0,80.0,,,,,,,,
1587b18f-3be7-4877-bbde-0f6d7b4f4340,,,,,,200,73.0,72.0,0.0,72.0,,,,,,,,
2d949be4-3ed1-427b-b2d2-a6172e55dcc3,,,,,,200,79.0,76.0,0.0,76.0,,,,,,,,
f04370a8-eeab-42fd-81ba-cdea38a27e4c,,,,,,200,72.0,72.0,0.0,72.0,,,,,,,,
a96efa7d-c61c-49f1-b1b4-1663b7fa512f,,,,,,200,85.0,84.0,0.0,84.0,,,,,,,,
ec3dc126-b6b3-4864-b8cc-de4f4cf51a8d,,,,,,200,87.0,88.0,0.0,88.0,,,,,,,,
c2077472-5180-4333-b428-bf0d29a0395d,,,,,,200,158.0,160.0,0.0,160.0,,,,,,,,
a189513d-dfbe-416c-b1de-4ecf25f12f2c,,,,,,200,147.0,144.0,0.0,144.0,,,,,,,,
fc78f055-9b70-403e-9bf8-ca21287a5b41,,,,,,200,158.0,156.0,0.0,156.0,,,,,,,,
92f5f05f-6c5e-4e28-9244-b623e49011cc,,,,,,200,105.0,104.0,0.0,104.0,,,,,,,,
cd268c82-f762-4568-826f-d631f152767b,,,,,,200,80.0,80.0,0.0,80.0,,,,,,,,
b3d82c07-d6d2-4266-befe-081bb994555e,,,,,,200,95.0,96.0,0.0,96.0,,,,,,,,
57a46312-b210-4514-939b-86d6aed2c20f,,,,,,200,139.0,140.0,0.0,140.0,,,,,,,,
40842e47-0de5-4b53-a19c-e96a6182b86d,,,,,,200,134.0,136.0,4.0,136.0,,,,,,,,
076f8df8-54ef-45fd-8708-aaf9d12d27df,,,,,,200,86.0,88.0,0.0,88.0,,,,,,,,
52c66c05-febb-4a95-b687-c7165999493f,,,,,,200,73.0,72.0,0.0,72.0,,,,,,,,
1b42eea3-0c69-4dcc-a2e0-8ddec9213de3,,,,,,200,113.0,112.0,0.0,112.0,,,,,,,,
007aba3f-c8fc-48cf-b16f-91f4cb7f1ce5,,,,,,200,79.0,80.0,0.0,80.0,,,,,,,,
67060c36-ffda-4c22-9d52-5fae2a710527,,,,,,200,82.0,80.0,0.0,80.0,,,,,,,,
216963b3-5a4a-4e8d-a100-ca9943839938,,,,,,200,108.0,104.0,0.0,104.0,,,,,,,,
1ea89e48-8a90-4bfe-9f53-8629efe3d7a0,,,,,,200,115.0,112.0,0.0,112.0,,,,,,,,
4a8b0556-cacb-4e64-8d42-a95b3d3bb939,,,,,,200,116.0,112.0,0.0,112.0,,,,,,,,
52d772fa-6083-49c8-a396-1ab4a1c924df,,,,,,200,131.0,132.0,0.0,132.0,,,,,,,,
f205ace0-660e-4005-96d5-63a37597ea4d,,,,,,200,75.0,76.0,4.0,76.0,,,,,,,,
77ee0779-2757-4f24-8f52-a14e617da8c1,,,,,,200,74.0,72.0,0.0,72.0,,,,,,,,
3fe16f3a-6ab4-4485-a382-fa2d8433310c,,,,,,200,78.0,80.0,0.0,80.0,,,,,,,,
52119ae6-f3b0-47c3-a29c-38444592c918,,,,,,200,138.0,136.0,0.0,136.0,,,,,,,,
bf70607a-c02a-4c69-ab63-2d359ed56955,,,,,,200,75.0,72.0,0.0,72.0,,,,,,,,
33a7448d-7551-4ba4-89da-8b8940ce2b8c,,,,,,200,67.0,68.0,0.0,68.0,,,,,,,,
e9ab3a70-8dee-450d-b6e0-539c78cdbd3b,,,,,,200,81.0,80.0,0.0,80.0,,,,,,,,
2c8d7ecd-4ab6-49b6-95d0-56cdc9295751,,,,,,200,68.0,68.0,0.0,68.0,,,,,,,,
1d87242a-615d-46f9-bb89-5e6fffe5bea6,,,,,,200,92.0,92.0,0.0,92.0,,,,,,,,
7f68da73-569a-4249-966d-ef71ec4f9701,,,,,,200,79.0,76.0,0.0,76.0,,,,,,,,
807715d5-c631-4907-be10-abfdf1858857,,,,,,200,84.0,84.0,4.0,84.0,,,,,,,,
e3bde20f-6a32-4598-894a-2f4d546bd2cf,,,,,,200,88.0,88.0,0.0,88.0,,,,,,,,
04bea79b-45b9-4110-b7c8-e2b0d3b2c7a3,,,,,,200,105.0,104.0,0.0,104.0,,,,,,,,
28e6e953-fb01-457e-b41b-67f6d26c1a6c,,,,,,200,87.0,88.0,4.0,88.0,,,,,,,,
d0888bb5-f76a-41b1-b1af-b3b994be457d,,,,,,200,87.0,88.0,0.0,88.0,,,,,,,,
0b129dbf-ef85-4172-941f-5fc933524035,,,,,,200,78.0,80.0,4.0,80.0,,,,,,,,
f469339d-1b58-458c-9811-20e1dc9cff3f,,,,,,200,70.0,72.0,0.0,72.0,,,,,,,,
8d48c215-53a7-4718-83a1-70f161e7426a,,,,,,200,88.0,88.0,0.0,88.0,,,,,,,,
a8f29b63-b7c9-4247-84a1-3d7b1640b609,,,,,,200,164.0,164.0,0.0,164.0,,,,,,,,
fd52c582-f1a9-40fd-83bc-023a3d11f5ee,,,,,,200,162.0,164.0,0.0,164.0,,,,,,,,
ec142ca9-1498-4d84-b28e-177b086e9856,,,,,,200,71.0,72.0,0.0,72.0,,,,,,,,
c1bc1dd3-0863-4e3d-ac43-238bc850031d,,,,,,200,73.0,72.0,0.0,72.0,,,,,,,,
91f1c469-025e-40c7-819b-522d478b3b08,,,,,,200,71.0,72.0,0.0,72.0,,,,,,,,
8a82cbf2-1bca-4d4a-a348-b429e7de190b,,,,,,200,67.0,68.0,0.0,68.0,,,,,,,,
84d0bd48-0ef3-46c0-afe3-316d3e8e0b46,,,,,,200,83.0,84.0,0.0,84.0,,,,,,,,
13b330fb-ebcb-4bd5-a344-2b4e912dd4fd,,,,,,200,80.0,80.0,4.0,80.0,,,,,,,,
065980ff-34c7-43cb-991f-fd99c6ab46c6,,,,,,200,84.0,80.0,4.0,80.0,,,,,,,,
2a60bee5-59dd-4710-bb7c-e6dae7f4e90f,,,,,,200,96.0,96.0,0.0,96.0,,,,,,,,
8c429aa8-4f07-46a3-9c6f-4265af602d38,,,,,,200,98.0,96.0,0.0,96.0,,,,,,,,
39179a61-3909-410d-8de0-d586f02672ef,,,,,,200,97.0,92.0,0.0,92.0,,,,,,,,
54253818-18ef-41be-9343-a2cae6f0706b,,,,,,200,110.0,112.0,0.0,112.0,,,,,,,,
1b64ca76-c3d3-49d7-8d2b-fedb7cc19d01,,,,,,200,103.0,104.0,4.0,104.0,,,,,,,,
b265c4b0-58fd-49f8-bdb4-bfe468c84081,,,,,,200,70.0,72.0,0.0,72.0,,,,,,,,
dbcb3330-9c65-4157-b1cd-d477e6398135,,,,,,200,186.0,188.0,0.0,188.0,,,,,,,,
90ce1f90-b50d-4df9-9bff-470a4bdb0bc2,,,,,,200,178.0,176.0,0.0,176.0,,,,,,,,
1618a53e-fba2-4114-a5a8-6dee9e423b2a,,,,,,200,93.0,92.0,0.0,92.0,,,,,,,,
aed2680d-20a5-472b-b648-40f776e56899,,,,,,200,88.0,88.0,0.0,88.0,,,,,,,,
fa3b26e9-b6dd-4113-947c-015fb9a97c18,,,,,,200,72.0,68.0,0.0,68.0,,,,,,,,
a2f1ad47-e392-4c83-a298-c39860e05d97,,,,,,200,83.0,84.0,0.0,84.0,,,,,,,,
9bea54a1-8c03-46a1-9556-d375a4bd22f4,,,,,,200,71.0,68.0,0.0,68.0,,,,,,,,
6fced309-e364-4ad1-8464-331dc4c45db4,,,,,,200,73.0,72.0,0.0,72.0,,,,,,,,
45defae6-f586-4d1b-b331-25c2a561825e,,,,,,200,83.0,84.0,0.0,84.0,,,,,,,,
145f3f23-2825-49c1-8981-9c826638ead0,,,,,,200,97.0,96.0,0.0,96.0,,,,,,,,
8f682de3-3b52-46d6-86e2-fd0101a8b827,,,,,,200,80.0,80.0,0.0,80.0,,,,,,,,
2c1e3f2f-3beb-48e3-a87f-723d3c6f892c,,,,,,200,90.0,92.0,0.0,92.0,,,,,,,,
3ea947ea-777b-4e3e-9523-18bc4333c07e,,,,,,200,82.0,84.0,4.0,84.0,,,,,,,,
be664ad2-7de0-42bc-a012-21ffcbd29c91,,,,,,200,77.0,76.0,0.0,76.0,,,,,,,,
f4b6d674-beee-4ac4-b3ca-615f71bd8e04,,,,,,200,316.0,316.0,0.0,316.0,,,,,,,,
62e7735e-e18e-44c1-b798-65c4fc8e8b30,,,,,,200,332.0,332.0,0.0,332.0,,,,,,,,
71b7442a-65f7-4bb0-b267-6d680759bd4e,,,,,,200,127.0,128.0,0.0,128.0,,,,,,,,
f21821fd-826f-4e48-9fd6-dbfc32027ba8,,,,,,200,111.0,108.0,0.0,108.0,,,,,,,,
1519319c-f496-428f-9ad5-b4c4605b082e,,,,,,200,80.0,80.0,0.0,80.0,,,,,,,,
c477d113-5fdd-413a-bda4-247f2f3518ad,,,,,,200,142.0,140.0,0.0,140.0,,,,,,,,
5ad5e27f-b9db-4676-a2c3-aee357aa1ae7,,,,,,200,83.0,80.0,0.0,80.0,,,,,,,,
4517cd8c-718d-43f4-a2bc-e65e0d757aed,,,,,,200,105.0,108.0,0.0,108.0,,,,,,,,
b46b2ac9-13bb-4a91-8616-0504f658dc71,,,,,,200,88.0,88.0,0.0,88.0,,,,,,,,
86a0de78-775d-4177-8c5b-3758d487a9df,,,,,,200,101.0,100.0,0.0,100.0,,,,,,,,
04ca6425-6f12-4a0f-83ec-1510cc1f3052,,,,,,200,88.0,88.0,0.0,88.0,,,,,,,,
02fccbff-5674-42b8-bb57-5989b54d6dd0,,,,,,200,68.0,68.0,0.0,68.0,,,,,,,,
a55fabad-8360-4633-b852-d26f8e80b621,,,,,,200,147.0,144.0,0.0,144.0,,,,,,,,
2a56c669-1264-4ec6-a876-077dc4206cc7,,,,,,200,178.0,176.0,0.0,176.0,,,,,,,,
795adff8-cf63-4eaf-a63b-369d3840c8e7,,,,,,200,212.0,212.0,0.0,212.0,,,,,,,,
df18c3aa-f07e-43d5-b430-58458db389d0,,,,,,200,96.0,96.0,0.0,96.0,,,,,,,,
80815d23-fba9-4655-a650-0ac6ae553dfb,,,,,,200,100.0,100.0,0.0,100.0,,,,,,,,
7fcc5e66-6534-42f0-aa60-e339c5f9a05a,,,,,,200,328.0,328.0,4.0,328.0,,,,,,,,
3ae409f2-aed9-4267-b426-407194d2e07e,,,,,,200,363.0,364.0,0.0,364.0,,,,,,,,
77eb74ea-61b6-4378-ba68-8966766b3f47,,,,,,200,429.0,428.0,0.0,428.0,,,,,,,,
b652971e-c12f-4c19-9367-0d1fddd27fd8,,,,,,200,445.0,444.0,0.0,444.0,,,,,,,,
c55b99dc-7a38-40c8-963a-262b198405d4,,,,,,200,296.0,296.0,0.0,296.0,,,,,,,,
82d49c24-ed02-4086-ae25-f130c6c13b69,,,,,,200,69.0,68.0,0.0,68.0,,,,,,,,
4a68ebed-eab6-458f-9f29-2028f64a69a9,,,,,,200,71.0,72.0,0.0,72.0,,,,,,,,
63b9e314-17b8-456f-9608-d80053f18039,,,,,,200,75.0,72.0,0.0,72.0,,,,,,,,
aee7b686-57bc-45af-9e97-de3f357ee947,,,,,,200,78.0,80.0,4.0,80.0,,,,,,,,
6567201a-a06a-4cfa-a641-fe913f570d3d,,,,,,200,85.0,88.0,0.0,88.0,,,,,,,,
9fe42444-f93b-4f71-9917-452ff01f5d05,,,,,,200,68.0,68.0,0.0,68.0,,,,,,,,
29fa8d11-d002-48a1-8085-2f2e97a6c9b3,,,,,,200,75.0,72.0,0.0,72.0,,,,,,,,
6b1bd266-89e2-4eae-b362-75202973a630,,,,,,200,94.0,92.0,0.0,92.0,,,,,,,,
bac4c8fa-8c13-4d1a-a401-3f4c184ad3e3,,,,,,200,869.0,868.0,0.0,868.0,,,,,,,,
30cd754a-4014-47d1-bd69-99ca3524548b,,,,,,200,774.0,772.0,0.0,772.0,,,,,,,,
ea04bf87-9396-4645-ad84-f30691764ec4,,,,,,200,334.0,336.0,0.0,336.0,,,,,,,,
4d19478e-c9dc-499d-b9d2-4d5f84a424d0,,,,,,200,259.0,260.0,48.0,260.0,,,,,,,,
792ff3c4-0cb3-4924-b93a-033fa4127fd9,,,,,,200,813.0,812.0,0.0,812.0,,,,,,,,
9eda08ea-94a2-4be3-99a2-e6ee6df7c94c,,,,,,200,538.0,536.0,0.0,536.0,,,,,,,,
4fbc8b58-5ff3-4a5c-8eda-c068b36fd917,,,,,,200,92.0,92.0,4.0,92.0,,,,,,,,
48423b24-46cc-4592-9dae-ddbc8af32d9c,,,,,,200,96.0,96.0,0.0,96.0,,,,,,,,
642b5134-7ebb-4a16-aa54-baf208d55d52,,,,,,200,85.0,84.0,0.0,84.0,,,,,,,,
9b437227-1037-4789-88a8-e9b86c5eb76d,,,,,,200,133.0,132.0,0.0,132.0,,,,,,,,
56f34f6e-87ae-42eb-beec-9d2fae77d78d,,,,,,200,83.0,84.0,4.0,84.0,,,,,,,,
3fb3b9b4-16c7-44b3-93ad-7208ae6af56a,,,,,,200,88.0,84.0,0.0,84.0,,,,,,,,
6775f1ac-8d8b-45bd-90bf-71ade936fe7a,,,,,,200,76.0,76.0,0.0,76.0,,,,,,,,
b0c2b8fe-bf89-4293-805c-a2578f01ecb7,,,,,,200,81.0,80.0,0.0,80.0,,,,,,,,
280c6f11-dbc3-4bb4-ac3f-82c35a584c72,,,,,,200,79.0,76.0,0.0,76.0,,,,,,,,
e2e97ba2-6427-452a-90a2-d363c57083c0,,,,,,200,80.0,80.0,0.0,80.0,,,,,,,,
63694e92-ce64-417e-91b8-741354a08852,,,,,,200,307.0,308.0,0.0,308.0,,,,,,,,
7086a616-6b44-41e1-bfae-f05e74c1213a,,,,,,200,195.0,196.0,0.0,196.0,,,,,,,,
d21d859e-7e4e-4f85-aa58-939529e364f8,,,,,,200,77.0,72.0,0.0,72.0,,,,,,,,
e0bbe4cc-7095-4a9f-a0d7-5a125b8ea1e2,,,,,,200,99.0,100.0,4.0,100.0,,,,,,,,
f8d2d79e-1627-4ae7-830e-449459734be8,,,,,,200,92.0,92.0,0.0,92.0,,,,,,,,
85a3bbc7-f5f2-4562-b80d-d8a5fc6ac3fc,,,,,,200,84.0,84.0,4.0,84.0,,,,,,,,
d14ee165-73bf-4977-8385-8a8d56fa7a18,,,,,,200,76.0,76.0,0.0,76.0,,,,,,,,
7b870971-471f-4599-8fcd-4a3bd5afe135,,,,,,200,73.0,72.0,0.0,72.0,,,,,,,,
94eb7e84-7030-49e8-a951-f0295e8ead00,,,,,,200,90.0,88.0,0.0,88.0,,,,,,,,
39ded129-42ca-4161-977b-4db765853f89,,,,,,200,90.0,88.0,0.0,88.0,,,,,,,,
85a851bc-fd54-4091-9201-b254911471b1,,,,,,200,83.0,84.0,0.0,84.0,,,,,,,,
cc9df89d-d6bc-4e5c-8481-3ae46d66e7a4,,,,,,200,71.0,72.0,0.0,72.0,,,,,,,,
74e5a0e1-0c6b-493b-b0de-428caf980d9b,,,,,,200,94.0,100.0,4.0,100.0,,,,,,,,
f3477c1f-8b6b-41c8-9bc7-2cff5a921216,,,,,,200,88.0,88.0,0.0,88.0,,,,,,,,
7f5affc4-6556-4477-8301-92888a1a9f3f,,,,,,200,102.0,100.0,0.0,100.0,,,,,,,,
50a4761a-a584-4d85-8741-a7db67ad1e68,,,,,,200,82.0,84.0,0.0,84.0,,,,,,,,
86657a1f-4109-4b8e-a1de-2257bd28a2fa,,,,,,200,113.0,116.0,4.0,116.0,,,,,,,,
f3fae50c-e0dc-4fe8-8fb8-632a4680881c,,,,,,200,362.0,360.0,0.0,360.0,,,,,,,,
7063fe49-9aa6-4506-b24a-42b92fcdaeb9,,,,,,200,109.0,108.0,0.0,108.0,,,,,,,,
6cd00098-03b2-447d-bede-575fe33b2d4c,,,,,,200,117.0,116.0,0.0,116.0,,,,,,,,
998d93b0-cc48-419e-a9ce-365920eeae7e,,,,,,200,82.0,80.0,0.0,80.0,,,,,,,,
6a1dcecc-4e02-4f2d-b5ac-2fd1105914e3,,,,,,200,86.0,84.0,0.0,84.0,,,,,,,,
3618b4cb-a39b-4823-b772-380b6c56eff2,,,,,,200,75.0,72.0,0.0,72.0,,,,,,,,
45a17230-f287-45b3-888c-0fa2b2a7491d,,,,,,200,71.0,68.0,0.0,68.0,,,,,,,,
8aabe8f4-9184-43f4-8bd7-2e6b75971792,,,,,,200,143.0,144.0,0.0,144.0,,,,,,,,
48df0cf2-953b-4b1f-9589-9e5b6de04b6d,,,,,,200,97.0,96.0,0.0,96.0,,,,,,,,
259c0445-dfb4-4f21-ae5b-3e36afbd30ec,,,,,,200,90.0,92.0,0.0,92.0,,,,,,,,
e2e84d2b-4e61-4f4e-af1a-1a8ab31b2a87,,,,,,200,73.0,72.0,0.0,72.0,,,,,,,,
0b10f06f-6197-489e-8e4a-681630c6210e,,,,,,200,74.0,72.0,0.0,72.0,,,,,,,,
7ca6f4ec-8b8f-4300-affc-a0e73e26ae8c,,,,,,200,76.0,76.0,0.0,76.0,,,,,,,,
e726d727-90a7-43f0-b514-324cf7ef61db,,,,,,200,298.0,296.0,0.0,296.0,,,,,,,,
e681493a-a271-421d-9d81-5129c27bba5a,,,,,,200,76.0,76.0,0.0,76.0,,,,,,,,
92b9eee9-53c5-4372-a076-a387deafd287,,,,,,200,77.0,76.0,0.0,76.0,,,,,,,,
b32a6166-81c0-4fe5-9aca-b8c3afab0408,,,,,,200,79.0,76.0,0.0,76.0,,,,,,,,
cf718744-2cde-4088-90c0-fa425feb6e75,,,,,,200,76.0,76.0,0.0,76.0,,,,,,,,
cfe20f96-b8f4-4bef-a42c-d4b932466117,,,,,,200,75.0,76.0,0.0,76.0,,,,,,,,
59f1079a-bd5e-487a-b237-5418846d3471,,,,,,200,77.0,80.0,4.0,80.0,,,,,,,,
f91b7d8d-7950-4629-8d82-9ea66fdbb576,,,,,,200,81.0,80.0,0.0,80.0,,,,,,,,
fd2d7901-8af5-41e1-9035-7d3a6bdfebde,,,,,,200,65.0,64.0,0.0,64.0,,,,,,,,
a60a9d64-c945-4fdb-aa3b-4999f85162b9,,,,,,200,72.0,72.0,0.0,72.0,,,,,,,,
73c04073-f6d3-4a84-bc31-c0096f25f0dd,,,,,,200,74.0,72.0,0.0,72.0,,,,,,,,
392fbb2e-6728-4baf-91cf-ce5bcf2645fa,,,,,,200,89.0,92.0,4.0,92.0,,,,,,,,
a01e910a-6d4e-4df2-944e-cfdb84ad7c18,,,,,,200,91.0,88.0,0.0,88.0,,,,,,,,
11abbbb3-99ca-425f-a33f-783b1a453a9f,,,,,,200,115.0,116.0,0.0,116.0,,,,,,,,
80f58948-cbb7-4523-8baa-c4e3731d66f2,,,,,,200,173.0,176.0,0.0,176.0,,,,,,,,
1a8082d7-0847-48d0-aca8-22a0981c2ee4,,,,,,200,100.0,100.0,0.0,100.0,,,,,,,,
82dfc9e6-2fa4-4f3e-9dc8-0c376522cb0d,,,,,,200,169.0,168.0,0.0,168.0,,,,,,,,
43beadb9-31f8-4bfc-b785-cbcc33ef2b9c,,,,,,200,134.0,132.0,0.0,132.0,,,,,,,,
d9c3072d-7847-4dd1-be2e-33528d428131,,,,,,200,98.0,96.0,0.0,96.0,,,,,,,,
13992051-6510-4cb8-ac60-d915dc0a5656,,,,,,200,113.0,112.0,0.0,112.0,,,,,,,,
4d603d6e-8ce7-4ac9-bfa9-748b27b94476,,,,,,200,78.0,80.0,8.0,80.0,,,,,,,,
64c6a22c-7496-4ca2-9efb-3349422ae633,,,,,,200,74.0,72.0,0.0,72.0,,,,,,,,
cb011475-4fe9-4448-aab7-c1a044da942f,,,,,,200,71.0,72.0,0.0,72.0,,,,,,,,
ee42f267-77f6-47db-9b0e-39ea83442740,,,,,,200,74.0,72.0,0.0,72.0,,,,,,,,
52ab5ef0-0b60-41f9-9273-c115f9e613ce,,,,,,200,75.0,76.0,0.0,76.0,,,,,,,,
d3fe60db-a76a-4755-bf2e-b5b1660f6e30,,,,,,200,77.0,76.0,0.0,76.0,,,,,,,,
b53b50e1-47aa-4dfa-9bab-940161041a6c,,,,,,200,86.0,84.0,0.0,84.0,,,,,,,,
6aa25f5e-d283-4afd-8f72-d6b41af3dfd4,,,,,,200,78.0,76.0,0.0,76.0,,,,,,,,
833a50f7-7031-4b99-a324-1dd4030ae264,,,,,,200,133.0,132.0,0.0,132.0,,,,,,,,
ac87ecd1-a9b2-4bdd-a505-eace2dc4b353,,,,,,200,97.0,96.0,0.0,96.0,,,,,,,,
895b99d3-c99f-4b56-9aa9-af825c59ce3c,,,,,,200,76.0,80.0,0.0,80.0,,,,,,,,
c9fd7bb6-9233-40ba-adbf-771556fb7410,,,,,,200,78.0,80.0,4.0,80.0,,,,,,,,
c13fabbb-5184-4874-bc12-99080b5d36cd,,,,,,200,85.0,84.0,0.0,84.0,,,,,,,,
70aa30ad-0338-489a-952e-d0dccc278e26,,,,,,200,75.0,76.0,0.0,76.0,,,,,,,,
66ebf552-f536-43a3-b870-f908a122707e,,,,,,200,92.0,92.0,0.0,92.0,,,,,,,,
fa76f19b-66a6-4ae2-8a06-cc09dc2da80b,,,,,,200,94.0,96.0,0.0,96.0,,,,,,,,
dbf57b3e-d662-4024-8799-f660fef9b4e5,,,,,,200,71.0,72.0,0.0,72.0,,,,,,,,
aaba452e-794f-475a-acec-15985f553619,,,,,,200,88.0,88.0,4.0,88.0,,,,,,,,
478383fa-e490-45fc-8c8b-4016caff9b64,,,,,,200,75.0,76.0,0.0,76.0,,,,,,,,
8d090490-f678-4dbd-b181-566ca37604de,,,,,,200,86.0,84.0,0.0,84.0,,,,,,,,
e2e0e0ab-92f3-4189-b0a8-caf20d04ec78,,,,,,200,104.0,104.0,4.0,104.0,,,,,,,,
7b4beaae-864b-4194-b92a-6fe5bde42253,,,,,,200,84.0,84.0,0.0,84.0,,,,,,,,
05d12a51-a4f0-4f6b-91dd-22f92e4db58d,,,,,,200,71.0,72.0,0.0,72.0,,,,,,,,
158de394-3e98-49ec-9b85-4e1bda295005,,,,,,200,71.0,68.0,0.0,68.0,,,,,,,,
59ea2f8c-9f67-4bc0-8c9a-31fa8101c9d9,,,,,,200,124.0,120.0,0.0,120.0,,,,,,,,
6d205510-d256-4947-9910-6e414130475d,,,,,,200,101.0,100.0,0.0,100.0,,,,,,,,
51fc54cd-fd3d-48c7-a47f-1075f3486987,,,,,,200,84.0,88.0,0.0,88.0,,,,,,,,
696776e4-630e-4409-b1d2-ad37d9f1e3e7,,,,,,200,72.0,72.0,0.0,72.0,,,,,,,,
2cca6642-c14a-4ea2-9808-2ffaa07b3676,,,,,,200,95.0,96.0,0.0,96.0,,,,,,,,
09b17671-e628-45c5-9755-3855816fca29,,,,,,200,85.0,84.0,0.0,84.0,,,,,,,,
f982c72f-b1a1-40f2-b269-35efa62e0629,,,,,,200,74.0,76.0,4.0,76.0,,,,,,,,
709a18a6-574e-40f5-9962-55241060b12a,,,,,,200,95.0,100.0,0.0,100.0,,,,,,,,
1e0d4452-4bd2-4178-805b-b8043d7b700e,,,,,,200,92.0,92.0,4.0,92.0,,,,,,,,
b992f5cf-8e36-4692-acb9-0679c26ff376,,,,,,200,88.0,84.0,0.0,84.0,,,,,,,,
dde07c9e-0d38-4d23-8d5b-08a530a9af7e,,,,,,200,102.0,100.0,0.0,100.0,,,,,,,,
74793289-3c58-4caa-9953-d0b970358e10,,,,,,200,83.0,80.0,0.0,80.0,,,,,,,,
a24c7391-332f-4c87-9743-23bb1ffff5ff,,,,,,200,71.0,72.0,0.0,72.0,,,,,,,,
df037f44-679a-41ee-a4d6-62a7d9c9dd9b,,,,,,200,133.0,132.0,0.0,132.0,,,,,,,,
a51ae037-320c-4477-8bac-10eca52bd3c8,,,,,,200,79.0,80.0,0.0,80.0,,,,,,,,
c7bf180c-db97-4132-9008-ce7012fc712d,,,,,,200,73.0,72.0,0.0,72.0,,,,,,,,
84deff04-4eae-4b34-9c8d-65110f29fc8e,,,,,,200,81.0,84.0,4.0,84.0,,,,,,,,
688962df-e6b7-4211-b47a-6e97b6617818,,,,,,200,72.0,72.0,4.0,72.0,,,,,,,,
3714f57c-5742-4979-972b-3280e389d1a6,,,,,,200,79.0,76.0,0.0,76.0,,,,,,,,
1bd6879a-8b10-4d08-b431-8e873aff1180,,,,,,200,77.0,76.0,0.0,76.0,,,,,,,,
41e49003-d4e4-40e8-b416-5f9af6cee241,,,,,,200,69.0,68.0,0.0,68.0,,,,,,,,
7e26c1bd-d970-4c58-9c0b-7e1b3a7342a7,,,,,,200,68.0,68.0,0.0,68.0,,,,,,,,
8c395418-be17-4978-8267-aa40b6666857,,,,,,200,70.0,68.0,0.0,68.0,,,,,,,,
453112b0-e864-450f-bd53-7a29e5c7c76c,,,,,,200,84.0,84.0,8.0,84.0,,,,,,,,
254927f0-8bcc-4f8f-bde8-7e4686cd2e51,,,,,,200,119.0,116.0,4.0,116.0,,,,,,,,
8ea4e1d6-82e3-4ff4-a60d-7b39ef98db94,,,,,,200,87.0,84.0,0.0,84.0,,,,,,,,
bdc49f4b-a580-41db-a1dd-1ba604e8c5cd,,,,,,200,100.0,100.0,0.0,100.0,,,,,,,,
13f2dab5-9f7f-4ea7-9dbf-956219b63594,,,,,,200,99.0,96.0,0.0,96.0,,,,,,,,
3af70a58-5ed4-4987-b1a7-651b9e1d828e,,,,,,200,127.0,128.0,0.0,128.0,,,,,,,,
9caa4ef7-191a-43e0-8deb-94f2572d0337,,,,,,200,97.0,100.0,4.0,100.0,,,,,,,,
e64b3a31-6a80-4315-a1a5-802160ce7cdc,,,,,,200,73.0,72.0,0.0,72.0,,,,,,,,
b6ed0190-dd3c-4032-bf20-ac20ff0b8d91,,,,,,200,72.0,72.0,0.0,72.0,,,,,,,,
601e3967-e7b0-45fc-a831-f68ef820bd7a,,,,,,200,76.0,76.0,4.0,76.0,,,,,,,,
c8fa315f-b02f-4368-84ef-d139c07fbca6,,,,,,200,86.0,84.0,0.0,84.0,,,,,,,,
596cb6ea-59eb-4474-99d8-5821224bb3dc,,,,,,200,70.0,68.0,0.0,68.0,,,,,,,,
19ccbccb-1a30-4b69-b9c3-9108203dedf1,,,,,,200,108.0,108.0,4.0,108.0,,,,,,,,
f7876aa2-cfb8-4c95-ba98-f0a10696720e,,,,,,200,70.0,72.0,0.0,72.0,,,,,,,,
af34c8b0-13c8-4052-b342-0928c8dfe396,,,,,,200,70.0,68.0,0.0,68.0,,,,,,,,
c7b15753-cb76-4f23-9d57-54a55a4cbaab,,,,,,200,70.0,72.0,4.0,72.0,,,,,,,,
7f68e764-2ad2-413f-9d80-acdcb7f1351c,,,,,,200,87.0,84.0,0.0,84.0,,,,,,,,
80f3e9f7-a7fe-4196-9630-a541a7c9b7f2,,,,,,200,74.0,76.0,4.0,76.0,,,,,,,,
b71f9801-54c7-448e-b7a9-4a2840905a30,,,,,,200,69.0,68.0,0.0,68.0,,,,,,,,
8d6246d5-43c2-482a-a57b-55eae13a676a,,,,,,200,75.0,76.0,0.0,76.0,,,,,,,,
af805631-eb34-43f8-b664-c7eef55b16b1,,,,,,200,133.0,132.0,0.0,132.0,,,,,,,,
4100a9ac-4612-41f4-a2b8-b5ac20e4c79b,,,,,,200,69.0,64.0,0.0,64.0,,,,,,,,
09afd3ab-9734-424f-a347-a8fe2618bf1a,,,,,,200,71.0,68.0,0.0,68.0,,,,,,,,
41af5ad5-2572-42b8-8ddb-196b4ea56422,,,,,,200,72.0,72.0,0.0,72.0,,,,,,,,
7fe657a4-b1bf-412e-8c9f-3758a34d73fa,,,,,,200,72.0,72.0,0.0,72.0,,,,,,,,
ad1f354e-8194-45b8-a66f-99e43daf7e71,,,,,,200,66.0,68.0,0.0,68.0,,,,,,,,
90709214-5f7b-45e5-91b3-f280f115d67c,,,,,,200,88.0,88.0,0.0,88.0,,,,,,,,
51824ed0-1b30-4559-9af7-dbe4fe2180f2,,,,,,200,91.0,92.0,4.0,92.0,,,,,,,,
807f3112-c682-46c4-ad79-c7e436901a47,,,,,,200,68.0,68.0,0.0,68.0,,,,,,,,
8f0181e4-a5df-415f-9d36-31fc6cd7f233,,,,,,200,82.0,80.0,0.0,80.0,,,,,,,,
33816510-681e-45ef-b568-b0f1f1174ccf,,,,,,200,77.0,76.0,0.0,76.0,,,,,,,,
f9282344-8327-4d8b-8974-debaaba5b3cb,,,,,,200,74.0,68.0,0.0,68.0,,,,,,,,
ae33b2da-4f48-4963-b4d0-069da68ac7e1,,,,,,200,68.0,68.0,0.0,68.0,,,,,,,,
4fb14620-9b09-48fe-8768-1192d27968c5,,,,,,200,124.0,124.0,0.0,124.0,,,,,,,,
9ddaaf57-3abb-478e-b84d-59e1e845de27,,,,,,200,75.0,72.0,0.0,72.0,,,,,,,,
6bd38ece-c386-494a-bc4b-178c9df83f9a,,,,,,200,85.0,84.0,0.0,84.0,,,,,,,,
967e3484-6eb0-4fa6-a69c-aa2bd343e06f,,,,,,200,78.0,80.0,0.0,80.0,,,,,,,,
ecbf0625-7de1-4084-b58c-364558aa7987,,,,,,200,78.0,76.0,0.0,76.0,,,,,,,,
19abe6f6-2233-4b7a-937d-34489607a8a0,,,,,,200,74.0,72.0,0.0,72.0,,,,,,,,
bddb3e8c-6f5f-452c-ad68-4426bded2d31,,,,,,200,80.0,80.0,0.0,80.0,,,,,,,,
e1f88931-bc19-4d40-bcc8-9186abcfac32,,,,,,200,75.0,76.0,0.0,76.0,,,,,,,,
fc61b63a-ef7e-488e-ad0d-411f0eec2894,,,,,,200,72.0,72.0,0.0,72.0,,,,,,,,
e1e85f0e-6dc8-4786-ab0b-edbb4764fd0d,,,,,,200,68.0,64.0,0.0,64.0,,,,,,,,
65d3972e-c581-4175-abf8-c6651135112c,,,,,,200,69.0,72.0,4.0,72.0,,,,,,,,
a2f2c9eb-420f-4ad3-9946-ef9d6525486a,,,,,,200,82.0,84.0,0.0,84.0,,,,,,,,
849fd37e-1550-4009-aed8-658906cc60b5,,,,,,200,81.0,80.0,0.0,80.0,,,,,,,,
8bacadb0-bfd0-443b-80cb-5d1365c225dd,,,,,,200,86.0,88.0,0.0,88.0,,,,,,,,
bdffd7ff-815b-4ef7-b101-6361312a65e0,,,,,,200,139.0,140.0,0.0,140.0,,,,,,,,
592e879c-05a7-419d-b219-08f556721128,,,,,,200,366.0,368.0,0.0,368.0,,,,,,,,
bf3565b4-157a-42f3-a06c-16688a11e474,,,,,,200,94.0,92.0,0.0,92.0,,,,,,,,
4794b470-c7ae-4c0a-9240-02792159f040,,,,,,200,79.0,80.0,4.0,80.0,,,,,,,,
628d49cc-4488-4aac-873d-e238616d8fce,,,,,,200,74.0,76.0,4.0,76.0,,,,,,,,
e6d75302-d012-4a09-8722-47292747f93e,,,,,,200,80.0,80.0,0.0,80.0,,,,,,,,
2dcf962e-9b02-410a-b90e-ea89d5209422,,,,,,200,98.0,96.0,0.0,96.0,,,,,,,,
d01fb103-26b0-4312-b970-57de751a8bef,,,,,,200,95.0,100.0,4.0,100.0,,,,,,,,
cdf3b03c-0bdd-4684-aa6b-ac97cfb6f050,,,,,,200,89.0,92.0,0.0,92.0,,,,,,,,
82452196-30e6-49e4-881a-a412773d6955,,,,,,200,80.0,80.0,0.0,80.0,,,,,,,,
04568ec1-0d45-418d-8855-2d15749ca54c,,,,,,200,116.0,116.0,0.0,116.0,,,,,,,,
00acc589-3ab3-4dd1-a696-0b3ac73c534d,,,,,,200,84.0,84.0,0.0,84.0,,,,,,,,
37606226-8ec1-4d15-9bcb-00d7ee8f4217,,,,,,200,84.0,84.0,0.0,84.0,,,,,,,,
935f23f6-8eaf-4a68-8d72-79aebb098077,,,,,,200,86.0,88.0,0.0,88.0,,,,,,,,
c83fc480-e8a6-4fe8-906e-ebf313346578,,,,,,200,75.0,76.0,0.0,76.0,,,,,,,,
2b0cdcf1-4dca-44bc-b056-3d4e08a1b72f,,,,,,200,114.0,112.0,0.0,112.0,,,,,,,,
3ade84cb-66e2-4c6e-b4b0-e5232448c062,,,,,,200,201.0,200.0,0.0,200.0,,,,,,,,
7418261e-87d5-4564-b5cf-b9a46aa3da44,,,,,,200,80.0,80.0,0.0,80.0,,,,,,,,
a31cc435-5d97-4032-8603-5f45b115aa30,,,,,,200,86.0,80.0,0.0,80.0,,,,,,,,
3e7c9650-c46c-4208-855e-d4ca748d1124,,,,,,200,120.0,120.0,0.0,120.0,,,,,,,,
8267131b-4043-40e8-ad8f-384daca991a5,,,,,,200,74.0,76.0,4.0,76.0,,,,,,,,
ff2739c5-5d72-4222-b902-1e55ee34862f,,,,,,200,93.0,96.0,4.0,96.0,,,,,,,,
a991622e-1736-49c9-9df0-8fa2327ac657,,,,,,200,75.0,72.0,0.0,72.0,,,,,,,,
3bdb82ca-02ae-4921-a7c9-99cc82d338ca,,,,,,200,72.0,68.0,0.0,68.0,,,,,,,,
e517cac4-f1c5-417c-b77b-c9deafe13227,,,,,,200,309.0,308.0,0.0,308.0,,,,,,,,
b5e611a2-c4c4-407c-9d4a-d0bc896af4ef,,,,,,200,152.0,148.0,0.0,148.0,,,,,,,,
7316f2f8-c720-43a0-8241-d4dc38930811,,,,,,200,80.0,80.0,0.0,80.0,,,,,,,,
c485b49c-c133-4f74-9e35-b62d16587e89,,,,,,200,181.0,184.0,0.0,184.0,,,,,,,,
346e1127-2478-42ab-b878-cc1d303b809c,,,,,,200,70.0,68.0,0.0,68.0,,,,,,,,
6689b1fc-c74f-495e-b14f-6305c4802638,,,,,,200,108.0,108.0,0.0,108.0,,,,,,,,
2219cf32-18bf-41b8-8bb0-4d224ece1185,,,,,,200,66.0,68.0,0.0,68.0,,,,,,,,
d98c23b1-f351-40ce-b18a-451abd577b6c,,,,,,200,73.0,72.0,0.0,72.0,,,,,,,,
8b08076a-bc7c-4ff9-ae93-68a0993560df,,,,,,200,288.0,288.0,4.0,288.0,,,,,,,,
ffdfabee-c10c-4c40-bc1e-068b848fe61b,,,,,,200,358.0,360.0,0.0,360.0,,,,,,,,
53812dc5-3c31-48e9-be9f-24c844dbb4df,,,,,,200,235.0,236.0,0.0,236.0,,,,,,,,
12a8b3e2-e9ca-4e59-9196-439b89371ea5,,,,,,200,97.0,100.0,0.0,100.0,,,,,,,,
81174c35-8c72-4b81-8ded-1e1c6f56a07c,,,,,,200,169.0,168.0,0.0,168.0,,,,,,,,
dbc3361d-9f3c-49c1-8977-7b58414399f7,,,,,,200,80.0,80.0,0.0,80.0,,,,,,,,
2a1af05d-75c7-4cdd-9b57-2ba8899de5be,,,,,,200,67.0,68.0,0.0,68.0,,,,,,,,
03bec513-2d5c-4f2c-bd70-69f97d4083cc,,,,,,200,72.0,72.0,0.0,72.0,,,,,,,,
567f2480-bacc-4422-a372-f4507e26fd84,,,,,,200,66.0,64.0,0.0,64.0,,,,,,,,
72e4c726-cb21-4391-9c86-bfae2a3f5e0c,,,,,,200,95.0,96.0,0.0,96.0,,,,,,,,
32a44a7a-36f6-496e-9ba8-b1c578c02755,,,,,,200,85.0,84.0,0.0,84.0,,,,,,,,
53ca58d8-373c-48e1-b019-6fee17b6a032,,,,,,200,82.0,84.0,8.0,84.0,,,,,,,,
0cca1271-3266-48fe-b33d-c4381cb6858e,,,,,,200,92.0,88.0,0.0,88.0,,,,,,,,
8d82fa82-a3c9-4fdb-ad46-0d9b7a2cf2d3,,,,,,200,74.0,72.0,0.0,72.0,,,,,,,,
ca02c787-c00d-4684-94fc-fc09850fbc53,,,,,,200,85.0,88.0,4.0,88.0,,,,,,,,
1b6327c2-6e81-4d7a-b5f8-5fb4fa23f2d1,,,,,,200,69.0,68.0,0.0,68.0,,,,,,,,
ea6048bb-892f-46ca-a3f4-444e8e9625a5,,,,,,200,64.0,64.0,0.0,64.0,,,,,,,,
44e9b00a-50ff-4a1a-97c6-0ffd5a45ecd1,,,,,,200,69.0,68.0,0.0,68.0,,,,,,,,
87878746-7938-4563-8c7f-28a30ff740eb,,,,,,200,72.0,76.0,4.0,76.0,,,,,,,,
0f4829de-969d-46dc-88b3-29fd67b00646,,,,,,200,140.0,140.0,4.0,140.0,,,,,,,,
19541187-cf6b-4b0b-8d5d-229d1085da31,,,,,,200,76.0,76.0,0.0,76.0,,,,,,,,
4e08ce34-7e51-4632-8cb2-c3691e679dec,,,,,,200,123.0,124.0,4.0,124.0,,,,,,,,
5aafdeb4-50b1-46e1-9d0f-c49efe61b5d1,,,,,,200,115.0,108.0,0.0,108.0,,,,,,,,
c6818140-0bb4-4a86-8df0-ed177e6badd9,,,,,,200,96.0,96.0,0.0,96.0,,,,,,,,
10e9edd6-b3c6-40f0-b00c-2500c3ee75f9,,,,,,200,84.0,80.0,0.0,80.0,,,,,,,,
41a6f882-e7b2-47f7-b5c3-df58a1c6f065,,,,,,200,89.0,88.0,0.0,88.0,,,,,,,,
ba2c65f6-4d1a-44e3-8e1f-97dbfb6f3033,,,,,,200,79.0,80.0,0.0,80.0,,,,,,,,
1072a910-445e-43de-84f6-22719db32d54,,,,,,200,75.0,72.0,0.0,72.0,,,,,,,,
a18383e1-f57e-4f60-84b3-eec2b09691d2,,,,,,200,81.0,76.0,0.0,76.0,,,,,,,,
1a94b74f-7ecf-4570-942c-de5688cffb00,,,,,,200,75.0,76.0,0.0,76.0,,,,,,,,
d8577c32-35bb-4dcb-80da-ed3c28af6928,,,,,,200,78.0,80.0,0.0,80.0,,,,,,,,
ee1dc0fe-7722-4987-a867-fb102ba55648,,,,,,200,102.0,100.0,0.0,100.0,,,,,,,,
edeba0a7-263f-491a-9387-a00827db0099,,,,,,200,82.0,80.0,0.0,80.0,,,,,,,,
dbfcfb7b-f83f-4315-8403-f8aed6b033c3,,,,,,200,163.0,160.0,0.0,160.0,,,,,,,,
7efd58a2-9565-48fc-ac81-cbb4bab5bf1d,,,,,,200,150.0,148.0,0.0,148.0,,,,,,,,
e90a732a-7314-4c0f-834d-4ba1fa9354b6,,,,,,200,129.0,128.0,0.0,128.0,,,,,,,,
4658987d-9769-4d68-9056-f3ac8a1a67ff,,,,,,200,156.0,156.0,0.0,156.0,,,,,,,,
3019c92b-99e7-43fd-9c83-5e09788947c5,,,,,,200,129.0,128.0,0.0,128.0,,,,,,,,
745f549a-ddd2-45ca-bda6-9f8ff32a1906,,,,,,200,190.0,192.0,4.0,192.0,,,,,,,,
12a88697-bfcd-4003-b9b0-d23bdf13383e,,,,,,200,88.0,84.0,0.0,84.0,,,,,,,,
8a03a652-4f18-4959-b41f-0c0e3c3b6a8b,,,,,,200,74.0,76.0,4.0,76.0,,,,,,,,
ce8cd597-fe74-4756-89b3-0830295dc8e0,,,,,,200,71.0,72.0,0.0,72.0,,,,,,,,
1e5545a3-f96b-41e5-af8a-38bec2eda309,,,,,,200,79.0,80.0,0.0,80.0,,,,,,,,
34184201-a696-4034-aadb-7150fa0a3de2,,,,,,200,113.0,116.0,0.0,116.0,,,,,,,,
086f600d-4973-42c5-9bc9-6bad58f5eeb3,,,,,,200,84.0,84.0,4.0,84.0,,,,,,,,
a6dd8e5a-9f13-4fe7-a76b-d369e3b37ca1,,,,,,200,90.0,92.0,0.0,92.0,,,,,,,,
3ec0c6c5-a8b7-4467-b79a-da5da14eac43,,,,,,200,84.0,84.0,0.0,84.0,,,,,,,,
973e8e22-e40c-4357-9192-099f9c2ebc9e,,,,,,200,212.0,212.0,0.0,212.0,,,,,,,,
2e0f7d94-5d6c-45e6-b8d2-6eb34d25ef7b,,,,,,200,191.0,192.0,0.0,192.0,,,,,,,,
1b2f71ed-a0de-443f-9b31-f29264ca7a82,,,,,,200,140.0,140.0,0.0,140.0,,,,,,,,
977c1741-091d-4601-9232-25debbbb101f,,,,,,200,85.0,88.0,4.0,88.0,,,,,,,,
bed2998b-fb4d-4ebd-a76f-9cd083e2d454,,,,,,200,80.0,80.0,4.0,80.0,,,,,,,,
3f9ea413-feae-4083-8438-642b7d81f69a,,,,,,200,86.0,88.0,0.0,88.0,,,,,,,,
49201c13-36dc-42a6-8f59-d5278671d5f3,,,,,,200,83.0,84.0,4.0,84.0,,,,,,,,
933f5231-1664-4090-8d6c-5eb27aea94c6,,,,,,200,89.0,88.0,0.0,88.0,,,,,,,,
9e9eea0d-d9a9-4dd3-93fe-bc36f3eeabb8,,,,,,200,77.0,80.0,4.0,80.0,,,,,,,,
624fbfd2-094c-4483-9d01-a1a341755330,,,,,,200,71.0,72.0,4.0,72.0,,,,,,,,
f3b806fa-e2fd-4d87-afa2-81b1cfa87d59,,,,,,200,79.0,76.0,0.0,76.0,,,,,,,,
3c1040a4-c820-41a3-b51b-3e16597fb560,,,,,,200,75.0,76.0,0.0,76.0,,,,,,,,
654aa1c9-1f5f-488a-b05f-ad0be5663c17,,,,,,200,79.0,80.0,0.0,80.0,,,,,,,,
2de88c48-c571-4967-8050-c93160d8c443,,,,,,200,90.0,88.0,0.0,88.0,,,,,,,,
2ed67e32-e63a-46a8-96d3-f7bd50b46ddb,,,,,,200,292.0,292.0,0.0,292.0,,,,,,,,
daa59a9e-da4d-49f5-96ad-e95187142e74,,,,,,200,305.0,308.0,4.0,308.0,,,,,,,,
1c3215a9-e31c-4394-86be-655fecc9a700,,,,,,200,88.0,88.0,0.0,88.0,,,,,,,,
96dd0e08-e944-497c-b41f-056e5619aaaa,,,,,,200,115.0,112.0,0.0,112.0,,,,,,,,
911df52a-3b68-429c-9023-17cdec6590f0,,,,,,200,78.0,76.0,0.0,76.0,,,,,,,,
802426bf-955f-4937-a6f4-ac6acaeb54d2,,,,,,200,70.0,72.0,0.0,72.0,,,,,,,,
35e5c20f-f80a-4f14-baf2-49052fb81ab3,,,,,,200,65.0,68.0,0.0,68.0,,,,,,,,
4dab5710-d252-4150-b3db-88a05a78f9c1,,,,,,200,74.0,72.0,0.0,72.0,,,,,,,,
c8094465-0969-40b5-80df-1a82ce01dd5d,,,,,,200,104.0,104.0,0.0,104.0,,,,,,,,
d5a5c126-99c0-4f2f-a649-bc8c0ac09633,,,,,,200,95.0,92.0,0.0,92.0,,,,,,,,
ed031e29-5f5f-47bf-bd67-f7dc118bc8b5,,,,,,200,74.0,76.0,0.0,76.0,,,,,,,,
cc642291-061e-4f8e-befb-7bbc8ee04bb2,,,,,,200,68.0,64.0,0.0,64.0,,,,,,,,
7b79064e-1dac-4ca3-b83f-c992ec5c7177,,,,,,200,73.0,72.0,0.0,72.0,,,,,,,,
3d1250bb-c222-4528-ae37-a211a647c6ce,,,,,,200,75.0,76.0,0.0,76.0,,,,,,,,
2c6751d6-6966-4e31-9dd2-a986defdd10a,,,,,,200,119.0,120.0,0.0,120.0,,,,,,,,
06abfdf6-d13d-4997-8774-1078fa241113,,,,,,200,364.0,364.0,0.0,364.0,,,,,,,,
e2648d18-56ee-41f0-b760-8db969fffab1,,,,,,200,73.0,72.0,0.0,72.0,,,,,,,,
61ec8d9a-9382-4ad9-9389-c49f3cabc5ba,,,,,,200,102.0,104.0,0.0,104.0,,,,,,,,
d8609cc0-4a8d-409a-bc49-55bd611ef0f2,,,,,,200,83.0,84.0,0.0,84.0,,,,,,,,
1c35e537-1254-42f5-ab7f-767927ea3582,,,,,,200,78.0,76.0,0.0,76.0,,,,,,,,
8f2cd513-61da-4dae-bc84-1a43d1f4e5f3,,,,,,200,70.0,72.0,0.0,72.0,,,,,,,,
f868735d-ff65-4178-a12f-8e424b053a62,,,,,,200,70.0,72.0,0.0,72.0,,,,,,,,
cf5fc837-2633-4255-8d84-a4acd03753e7,,,,,,200,70.0,68.0,0.0,68.0,,,,,,,,
ed971205-9911-46e3-a1d1-af358fec334d,,,,,,200,83.0,84.0,4.0,84.0,,,,,,,,
107688dd-8d6c-4f68-a0f8-445eb84b40d4,,,,,,200,78.0,76.0,0.0,76.0,,,,,,,,
55c0b87a-0cd1-48fa-ad84-c43e8a680623,,,,,,200,106.0,108.0,0.0,108.0,,,,,,,,
40c2d53d-08d9-4d6b-945c-6714524ae753,,,,,,200,103.0,100.0,0.0,100.0,,,,,,,,
2cecd633-8b17-4fbb-babb-f1ae8b16de3d,,,,,,200,96.0,96.0,0.0,96.0,,,,,,,,
515d562f-23b4-41a1-a423-ce6b0b95266d,,,,,,200,74.0,72.0,0.0,72.0,,,,,,,,
0ff0311b-60a4-4518-80ec-aca1f0bd627d,,,,,,200,125.0,124.0,0.0,124.0,,,,,,,,
4eadc440-9e00-4afe-a464-afb625dcac5a,,,,,,200,84.0,84.0,0.0,84.0,,,,,,,,
717b2909-1486-48e4-961c-70acb1ccd9fd,,,,,,200,86.0,84.0,0.0,84.0,,,,,,,,
9897595f-904a-4a26-9757-cec0099edffe,,,,,,200,71.0,68.0,0.0,68.0,,,,,,,,
8d8b341c-9949-4ceb-a993-bdccf99bdc61,,,,,,200,81.0,80.0,0.0,80.0,,,,,,,,
c120d62d-ebb6-4c9f-a3bd-149fb73fa526,,,,,,200,74.0,72.0,0.0,72.0,,,,,,,,
c0f3bd38-1582-44a4-88d3-9eeb61c8fb9d,,,,,,200,79.0,76.0,0.0,76.0,,,,,,,,
d9332331-92fb-4bdc-8f3d-2fcadaab0fbe,,,,,,200,75.0,76.0,0.0,76.0,,,,,,,,
b2bbe7d6-f684-4008-b022-178081949c43,,,,,,200,75.0,72.0,0.0,72.0,,,,,,,,
60f6604b-727e-4320-8573-4e61e7f6907d,,,,,,200,78.0,80.0,0.0,80.0,,,,,,,,
225c9e2e-7b9e-4b6c-8744-9c950d825f86,,,,,,200,87.0,88.0,0.0,88.0,,,,,,,,
bdbdc724-e6be-4ac6-8af0-10b63951cb7e,,,,,,200,79.0,80.0,4.0,80.0,,,,,,,,
5ef80d95-c3bc-454a-b704-5695d83d6de8,,,,,,200,79.0,80.0,0.0,80.0,,,,,,,,
53e992e9-22f1-485e-a511-69708e5948dc,,,,,,200,71.0,72.0,0.0,72.0,,,,,,,,
20dbecb7-7845-4b64-96ca-075360bc3e84,,,,,,200,77.0,76.0,0.0,76.0,,,,,,,,
a7fed029-5b67-44da-b229-430d89bb1840,,,,,,200,74.0,72.0,0.0,72.0,,,,,,,,
8590042b-547c-43c0-a3e4-420d6c227a56,,,,,,200,126.0,120.0,0.0,120.0,,,,,,,,
f95916c7-fae5-48f7-a970-9f28a034e72f,,,,,,200,86.0,84.0,0.0,84.0,,,,,,,,
2e8a3dd9-285d-4a27-8896-b3ebbfd7e9d6,,,,,,200,77.0,76.0,0.0,76.0,,,,,,,,
fe835757-bb56-4924-be38-ce317dce21cf,,,,,,200,73.0,76.0,4.0,76.0,,,,,,,,
360ebeac-7012-47f7-908d-004d52c82a91,,,,,,200,77.0,76.0,0.0,76.0,,,,,,,,
c18c199d-ff86-43eb-9c6f-05cd3c91cb42,,,,,,200,67.0,68.0,0.0,68.0,,,,,,,,
9d8cf1da-1968-4df4-95fe-154cada628b8,,,,,,200,73.0,76.0,0.0,76.0,,,,,,,,
ee34e040-cadd-4ef1-a1c4-b452b8c47c5b,,,,,,200,78.0,76.0,0.0,76.0,,,,,,,,
17c25554-e4d2-4be3-98c0-d588d29e4e5d,,,,,,200,75.0,76.0,0.0,76.0,,,,,,,,
3b10345d-88e0-485f-8f2a-e5351649dbc9,,,,,,200,74.0,80.0,4.0,80.0,,,,,,,,
2baac1f1-978b-483f-8561-933fc07e1dc9,,,,,,200,68.0,68.0,0.0,68.0,,,,,,,,
1f48a367-7874-4545-9276-67c1438193fb,,,,,,200,72.0,72.0,0.0,72.0,,,,,,,,
53a8141f-3fcc-448c-a653-9b4079bb4448,,,,,,200,263.0,260.0,0.0,260.0,,,,,,,,
b92304c1-6a6c-4211-8fe7-6e3848255abe,,,,,,200,226.0,228.0,0.0,228.0,,,,,,,,
776d62a7-3282-4ab3-b8e7-e8de16a93410,,,,,,200,208.0,208.0,0.0,208.0,,,,,,,,
91703de0-6b48-4a6a-8946-6c14dc288cef,,,,,,200,75.0,68.0,0.0,68.0,,,,,,,,
0c880362-f415-4c54-a75c-eb33ca2bfea1,,,,,,200,70.0,68.0,0.0,68.0,,,,,,,,
898cdfbd-e048-462b-a772-0acc37647d11,,,,,,200,74.0,76.0,0.0,76.0,,,,,,,,
ae5e7501-c20a-4603-a170-3cedf12323a8,,,,,,200,70.0,68.0,0.0,68.0,,,,,,,,
defa03f4-7e0a-4927-87b1-3afc1e8a9482,,,,,,200,78.0,76.0,0.0,76.0,,,,,,,,
07494567-da02-46ee-912f-3e15db403020,,,,,,200,74.0,72.0,0.0,72.0,,,,,,,,
1978e42e-0daa-422e-93d2-242bb6a1e136,,,,,,200,76.0,76.0,0.0,76.0,,,,,,,,
34a2c2a2-3724-4051-940b-c03a881067ba,,,,,,200,80.0,80.0,0.0,80.0,,,,,,,,
62b5c814-d87e-44b1-a0e2-7b1c888a5d23,,,,,,200,71.0,72.0,4.0,72.0,,,,,,,,
5b728ae7-72f2-4ee8-9d7a-4dd9fd3bd686,,,,,,200,72.0,72.0,0.0,72.0,,,,,,,,
6ac5830d-1df0-48c4-a426-70a84803f1ff,,,,,,200,73.0,76.0,0.0,76.0,,,,,,,,
535eb821-17de-4467-aa48-123340829486,,,,,,200,86.0,88.0,4.0,88.0,,,,,,,,
68fd9562-6c08-4fdb-92ec-8cb025a90440,,,,,,200,85.0,84.0,0.0,84.0,,,,,,,,
863b7bb9-a9f7-4a69-a69b-188284dcd914,,,,,,200,134.0,136.0,4.0,136.0,,,,,,,,
51b3ee94-85fb-4777-a262-541a791d46c9,,,,,,200,152.0,152.0,4.0,152.0,,,,,,,,
314b79d1-e0a6-4844-bb90-c60fe02f3513,,,,,,200,104.0,104.0,0.0,104.0,,,,,,,,
83a3d51b-93de-4d8d-b493-7725da9b2767,,,,,,200,77.0,76.0,0.0,76.0,,,,,,,,
ce32f410-3def-46c2-a1cd-62c10b694ddc,,,,,,200,69.0,64.0,0.0,64.0,,,,,,,,
629d2345-63a5-4732-ac55-6ed69207a868,,,,,,200,70.0,72.0,0.0,72.0,,,,,,,,
7ada4899-9729-48c2-ac87-0252a857009a,,,,,,200,70.0,68.0,0.0,68.0,,,,,,,,
0bb9648c-76d8-4893-8eaf-5fc778ea94e7,,,,,,200,126.0,128.0,0.0,128.0,,,,,,,,
94715fb7-8edb-4171-baa6-cb56f64580bb,,,,,,200,160.0,160.0,0.0,160.0,,,,,,,,
fe3eab51-32e2-4aec-bdf2-f5aef68417ec,,,,,,200,109.0,108.0,0.0,108.0,,,,,,,,
6f1892c9-c4c4-4feb-863a-e55760504a7e,,,,,,200,86.0,88.0,0.0,88.0,,,,,,,,
9f3301be-c276-4bc4-90ee-649a2478623d,,,,,,200,77.0,76.0,0.0,76.0,,,,,,,,
4cfcd9c4-79c3-42e1-8b1b-1f792ca18e1d,,,,,,200,66.0,64.0,0.0,64.0,,,,,,,,
6c466026-5d49-490c-bfd0-1d7bb0129a4d,,,,,,200,72.0,72.0,0.0,72.0,,,,,,,,
81f2b1ce-76ac-48ad-a3e3-0e8b4dcfd3e7,,,,,,200,130.0,132.0,4.0,132.0,,,,,,,,
03cb9d0d-9fcf-484c-a45c-97a0c5cd4b4a,,,,,,200,126.0,128.0,0.0,128.0,,,,,,,,
247d726b-b797-4643-b10c-82e7f30a991d,,,,,,200,65.0,64.0,0.0,64.0,,,,,,,,
e96b8d59-4f6b-462c-87db-14cec1fb2402,,,,,,200,89.0,88.0,0.0,88.0,,,,,,,,
b76e74a1-e890-4b47-b01e-ca7901478f7f,,,,,,200,73.0,72.0,0.0,72.0,,,,,,,,
a741560d-942b-4b6d-8987-063a14b33da9,,,,,,200,99.0,100.0,0.0,100.0,,,,,,,,
ca921c46-f6ec-4eb9-b220-b0745af1ca00,,,,,,200,90.0,88.0,8.0,88.0,,,,,,,,
1c454ae9-4c05-4076-ac16-fc5bf125ee47,,,,,,200,70.0,68.0,0.0,68.0,,,,,,,,
e73d8e97-d137-4d2a-8024-a0f9588db98d,,,,,,200,79.0,80.0,0.0,80.0,,,,,,,,
b4d8958a-1f32-487e-a70e-5feccb8c27ea,,,,,,200,71.0,72.0,0.0,72.0,,,,,,,,
773b5781-6190-4281-ad9b-64d6389b59e2,,,,,,200,76.0,76.0,0.0,76.0,,,,,,,,
bee21f3d-305f-42c5-ac28-f03b197c96fb,,,,,,200,65.0,68.0,0.0,68.0,,,,,,,,
29e71b73-8bcc-4756-a404-9333008a2f01,,,,,,200,80.0,80.0,0.0,80.0,,,,,,,,
b8661bcb-5782-44d9-924b-4928e07a8ae3,,,,,,200,76.0,76.0,0.0,76.0,,,,,,,,
1d1770e9-7cf4-45e9-93c8-c090658a3287,,,,,,200,77.0,72.0,0.0,72.0,,,,,,,,
ce00677a-783d-4c77-ae7b-05c42cd33cb0,,,,,,200,73.0,76.0,0.0,76.0,,,,,,,,
a505addd-2dfb-49f8-886a-0df5d8f74e5f,,,,,,200,144.0,144.0,4.0,144.0,,,,,,,,
d3921927-ba95-4458-80a6-49c1a52447da,,,,,,200,126.0,128.0,0.0,128.0,,,,,,,,
620e72b3-3d9c-4ef8-b2e1-f51ce812d963,,,,,,200,94.0,92.0,0.0,92.0,,,,,,,,
23da3644-066b-438e-b244-f6add623d58c,,,,,,200,96.0,96.0,0.0,96.0,,,,,,,,
7e5ddf07-2809-425a-9ff6-e544d6a393a5,,,,,,200,353.0,352.0,0.0,352.0,,,,,,,,
ffb610ea-df1e-4e0d-9c89-e309e9e0e302,,,,,,200,129.0,132.0,0.0,132.0,,,,,,,,
96f18630-2d08-4c7f-afd2-1b3623202c44,,,,,,200,143.0,140.0,0.0,140.0,,,,,,,,
519f796b-fa8f-4274-85b7-dc7083c70a46,,,,,,200,136.0,136.0,0.0,136.0,,,,,,,,
feef6b33-1c24-489e-b2e7-93fd48aaab5a,,,,,,200,109.0,108.0,0.0,108.0,,,,,,,,
2dfdcd01-1822-4012-aa66-ad251875c788,,,,,,200,88.0,92.0,4.0,92.0,,,,,,,,
85d5450e-9f55-4f40-b0eb-8ff6608dfc1b,,,,,,200,75.0,76.0,0.0,76.0,,,,,,,,
0b00f2c8-1488-477a-9978-6ff5876751bf,,,,,,200,97.0,96.0,0.0,96.0,,,,,,,,
382253b8-995e-482c-a360-6324959f8024,,,,,,200,85.0,80.0,0.0,80.0,,,,,,,,
43ae99c4-b6a6-46e0-af17-66507d324ec4,,,,,,200,159.0,152.0,0.0,152.0,,,,,,,,
09914906-679f-434e-b579-10d89963a491,,,,,,200,146.0,144.0,0.0,144.0,,,,,,,,
64cec6d3-ece5-4b02-8eb0-02ea1284c6b4,,,,,,200,71.0,72.0,4.0,72.0,,,,,,,,
5fd77083-a931-4844-bae4-05a0f73fddce,,,,,,200,74.0,72.0,0.0,72.0,,,,,,,,
1d6f2475-863e-4136-b5c2-a70e56c600f4,,,,,,200,88.0,88.0,0.0,88.0,,,,,,,,
3f564453-714c-42ff-8845-e0bd8a8f16f2,,,,,,200,83.0,84.0,4.0,84.0,,,,,,,,
49b3b0e1-2623-4987-a88a-2cc074cea09a,,,,,,200,80.0,80.0,0.0,80.0,,,,,,,,
c099fef4-dcfb-4a8c-95b9-48952657f27a,,,,,,200,69.0,68.0,0.0,68.0,,,,,,,,
d05a1e17-654d-4448-9934-38b7a768e11d,,,,,,200,129.0,132.0,0.0,132.0,,,,,,,,
594e25b6-5b75-4d2c-9ecb-57bdcef6aca1,,,,,,200,168.0,164.0,0.0,164.0,,,,,,,,
c7580270-9e14-47c1-a5bb-7841d213e96d,,,,,,200,116.0,112.0,0.0,112.0,,,,,,,,
bcc8024e-9d8c-4b02-8beb-5e1c74724145,,,,,,200,104.0,104.0,0.0,104.0,,,,,,,,
d55cc11e-7535-4b05-8d14-009b7d1158b8,,,,,,200,82.0,80.0,0.0,80.0,,,,,,,,
ebdbc6b0-2db1-4335-863d-4428f39437ce,,,,,,200,82.0,84.0,4.0,84.0,,,,,,,,
030d07d1-db71-4cea-ba71-3b9b87d8c4fd,,,,,,200,133.0,132.0,0.0,132.0,,,,,,,,
d3f5048c-05e6-41bf-ae62-954ce00b09ab,,,,,,200,78.0,80.0,4.0,80.0,,,,,,,,
6870cc75-dd79-48ca-a64d-9f52dacf6dec,,,,,,200,155.0,160.0,4.0,160.0,,,,,,,,
a2361006-da92-4edf-bd14-57a060d86e50,,,,,,200,124.0,120.0,0.0,120.0,,,,,,,,
6f43a7ef-b622-4155-9cf0-d2cb046f1b28,,,,,,200,92.0,96.0,0.0,96.0,,,,,,,,
f737f9c1-4dee-40b8-83bd-e205b3e868a6,,,,,,200,77.0,72.0,0.0,72.0,,,,,,,,
1f70e240-23ad-4a3d-80b8-c70791a3dc56,,,,,,200,74.0,72.0,0.0,72.0,,,,,,,,
faaeeeaa-fd26-49ce-a01a-6271fde9275a,,,,,,200,72.0,76.0,0.0,76.0,,,,,,,,
37961c64-f778-4d17-88b8-a722e3e87688,,,,,,200,74.0,72.0,0.0,72.0,,,,,,,,
278e646e-f88b-4168-8f3c-ace538ff4b20,,,,,,200,77.0,76.0,0.0,76.0,,,,,,,,
f0799707-300e-436b-bbfc-71d6acfc0f97,,,,,,200,83.0,84.0,0.0,84.0,,,,,,,,
49fed24a-ea60-4d65-8dc0-486dc65cc18e,,,,,,200,80.0,80.0,0.0,80.0,,,,,,,,
8c27ec7e-a631-40f6-9bfd-6aaf4544337e,,,,,,200,77.0,76.0,0.0,76.0,,,,,,,,
23d12811-f12a-4146-8b5b-b1e517539303,,,,,,200,76.0,76.0,0.0,76.0,,,,,,,,
cb2cd0c9-85bf-4734-9c85-4f535350486f,,,,,,200,78.0,76.0,0.0,76.0,,,,,,,,
96eadbd5-4ecd-4545-b31b-d8449bfce267,,,,,,200,128.0,128.0,0.0,128.0,,,,,,,,
4e101d4d-2630-4829-86fa-c578edf6fcdd,,,,,,200,85.0,84.0,0.0,84.0,,,,,,,,
db6d29a0-c08a-45c3-bd1e-5328b14a6bc8,,,,,,200,81.0,80.0,0.0,80.0,,,,,,,,
081cc015-a174-458c-a1d1-c36cccb47b72,,,,,,200,98.0,96.0,0.0,96.0,,,,,,,,
65a264c2-8b3e-4406-b5b8-1759422f1b46,,,,,,200,114.0,112.0,0.0,112.0,,,,,,,,
4a0d52e7-c63f-4c9c-90ac-9de4885ffc30,,,,,,200,73.0,76.0,0.0,76.0,,,,,,,,
6d6f370c-19fb-4f36-b178-da06aea701e4,,,,,,200,77.0,76.0,0.0,76.0,,,,,,,,
9b83bff3-ad53-4b74-a73a-6bdbb839d4d8,,,,,,200,74.0,72.0,0.0,72.0,,,,,,,,
3eef1449-f9b5-4ea1-88b6-1b801d5b7344,,,,,,200,77.0,76.0,0.0,76.0,,,,,,,,
d4fb991c-c8c3-4211-8da1-3910e0bed91e,,,,,,200,70.0,64.0,0.0,64.0,,,,,,,,
018d8633-26e6-4bb3-b121-799a68755380,,,,,,200,70.0,68.0,0.0,68.0,,,,,,,,
286e811d-e306-4694-9d36-d144ed60abd3,,,,,,200,75.0,72.0,0.0,72.0,,,,,,,,
4a3eaa4e-42e2-4583-b366-d74f4bcd82c9,,,,,,200,89.0,92.0,0.0,92.0,,,,,,,,
1adba71e-2233-4202-92ad-8b97a66a7db3,,,,,,200,141.0,140.0,0.0,140.0,,,,,,,,
94f06edb-1ba7-4874-b4a8-a380fabd29f0,,,,,,200,77.0,84.0,4.0,84.0,,,,,,,,
fa3ccd6d-4bc6-45a5-8bec-93dcb33bb898,,,,,,200,77.0,76.0,0.0,76.0,,,,,,,,
1775c02d-8300-425d-9de6-8bf7d3f1a147,,,,,,200,70.0,68.0,0.0,68.0,,,,,,,,
0c55329d-6dfc-43ad-8a03-cacc54c0db63,,,,,,200,70.0,68.0,0.0,68.0,,,,,,,,
f41273b7-9882-40e1-9fd5-457b1ba2269b,,,,,,200,74.0,68.0,0.0,68.0,,,,,,,,
916c97a9-7c94-4261-a589-6bf536962632,,,,,,200,79.0,80.0,0.0,80.0,,,,,,,,
e21402af-03c0-4022-88ce-00f47d0a38d7,,,,,,200,70.0,68.0,0.0,68.0,,,,,,,,
33bee5ed-637d-4357-9235-dcd879ba9cdb,,,,,,200,73.0,72.0,0.0,72.0,,,,,,,,
b43272a4-1481-4e83-b7ca-176df082b452,,,,,,200,81.0,84.0,0.0,84.0,,,,,,,,
8ccc6a69-e520-4c66-be58-840b727a1392,,,,,,200,70.0,72.0,0.0,72.0,,,,,,,,
66377223-3c9b-4615-898f-376d8ec0686b,,,,,,200,84.0,84.0,0.0,84.0,,,,,,,,
356edb0b-3735-40ff-99e7-dd6de9df5718,,,,,,200,72.0,72.0,0.0,72.0,,,,,,,,
f9dbd48f-b124-4492-a2c9-e69749823b14,,,,,,200,259.0,260.0,0.0,260.0,,,,,,,,
3ac71b3e-485b-4d53-99b0-a3c11983a46b,,,,,,200,114.0,116.0,4.0,116.0,,,,,,,,
6a69330a-49f3-4399-b2bc-7f86c68ec1b4,,,,,,200,85.0,84.0,0.0,84.0,,,,,,,,
79669386-6aa1-4794-ad45-c5e4ebb238c9,,,,,,200,71.0,76.0,0.0,76.0,,,,,,,,
3ec5d1a5-f9fd-448f-aff1-7113dba04b34,,,,,,200,72.0,68.0,0.0,68.0,,,,,,,,
3da789ae-6b94-4290-b041-84ac92564d03,,,,,,200,92.0,92.0,0.0,92.0,,,,,,,,
d7705716-e102-4459-93e0-0429d0d4c902,,,,,,200,73.0,68.0,0.0,68.0,,,,,,,,
10886df3-f177-42a4-a71b-3ffd27f3eebf,,,,,,200,69.0,64.0,0.0,64.0,,,,,,,,
5975d9e8-1b3d-4407-8825-c89570f6a4c4,,,,,,200,71.0,72.0,0.0,72.0,,,,,,,,
a7d4f8c2-43d3-421e-9217-9c13f1e3854d,,,,,,200,101.0,104.0,0.0,104.0,,,,,,,,
e9ee6225-2ee4-4a26-8a6b-5d0a064e05ee,,,,,,200,84.0,80.0,0.0,80.0,,,,,,,,
598be01b-a7d3-466f-b643-c6f77e405645,,,,,,200,84.0,80.0,0.0,80.0,,,,,,,,
de2c45e7-13c0-4fce-a53a-43dcf3e7a030,,,,,,200,74.0,72.0,0.0,72.0,,,,,,,,
3548de1c-0762-43aa-85d9-f5bbc7f43e5d,,,,,,200,74.0,72.0,0.0,72.0,,,,,,,,
a336035d-18d8-42a1-bd27-beab2660ff96,,,,,,200,79.0,76.0,0.0,76.0,,,,,,,,
2c58224a-8866-4074-9ba1-d966645ce399,,,,,,200,83.0,84.0,0.0,84.0,,,,,,,,
13187bcf-21b9-44db-83ac-26f5de884e82,,,,,,200,309.0,311.0,0.0,311.0,,,,,,,,
dd5d0719-8be1-40dd-8bb2-f8835e9ae4a0,,,,,,200,73.0,72.0,0.0,72.0,,,,,,,,
d1bc05ef-b6f3-40d9-9320-6684bf8fcf1c,,,,,,200,72.0,76.0,4.0,76.0,,,,,,,,
67a71bc6-8fb5-44ee-aa93-ac0072b70789,,,,,,200,75.0,76.0,0.0,76.0,,,,,,,,
ccce3879-62e3-488c-9266-3b66d1a395f4,,,,,,200,78.0,76.0,0.0,76.0,,,,,,,,
e3632650-79fb-4174-8260-79c8e825abb8,,,,,,200,68.0,68.0,0.0,68.0,,,,,,,,
3a401771-5815-45d7-a20e-2dc0057eac98,,,,,,200,64.0,64.0,0.0,64.0,,,,,,,,
ea1d6584-2d12-4776-ad16-234ff31c4aa7,,,,,,200,76.0,76.0,0.0,76.0,,,,,,,,
4b671508-7c65-4ee0-a604-312d12eea860,,,,,,200,77.0,76.0,0.0,76.0,,,,,,,,
b2ea0e47-64be-41cb-b13c-616347ecd3cb,,,,,,200,78.0,80.0,0.0,80.0,,,,,,,,
8914c25e-56f5-4398-b6fd-f8f58cfa98ab,,,,,,200,74.0,72.0,0.0,72.0,,,,,,,,
2c0645e1-b06e-48e8-9014-cfa208eaf1a3,,,,,,200,86.0,88.0,4.0,88.0,,,,,,,,
851c992a-a3d5-4341-bf9f-9e1e9d8d0b77,,,,,,200,73.0,72.0,0.0,72.0,,,,,,,,
e4af774b-f760-45ed-80d9-0287e0b7a0ca,,,,,,200,71.0,72.0,0.0,72.0,,,,,,,,
cd05866d-1675-4878-8517-73d1ec8b7b99,,,,,,200,290.0,288.0,0.0,288.0,,,,,,,,
9b35e07b-da75-48c3-895c-f5242a87e1df,,,,,,200,259.0,260.0,0.0,260.0,,,,,,,,
fda5caf0-6820-4d0d-87a0-eb382f7edf06,,,,,,200,270.0,272.0,0.0,272.0,,,,,,,,
c065e90d-ad11-46ae-a3b7-3b71c599b407,,,,,,200,156.0,156.0,0.0,156.0,,,,,,,,
a8e83bff-515d-4581-87ce-98d4bdabc7d1,,,,,,200,75.0,76.0,4.0,76.0,,,,,,,,
4f387f2b-8c11-467b-a64d-3b9a57f0cae4,,,,,,200,77.0,76.0,0.0,76.0,,,,,,,,
790ca09f-c884-40ad-b49c-e80eaea53f3b,,,,,,200,73.0,76.0,4.0,76.0,,,,,,,,
83daf0a9-afe0-4eb8-9a1a-891e52e8cac1,,,,,,200,75.0,72.0,0.0,72.0,,,,,,,,
dbdbb6be-943d-4d1c-a176-3fa2e9c5f652,,,,,,200,72.0,76.0,4.0,76.0,,,,,,,,
1c1afd74-4b2f-4a83-8c21-59c2a0137607,,,,,,200,75.0,76.0,0.0,76.0,,,,,,,,
f1f8c2b6-4f22-4285-8aaa-c5b26c3a2890,,,,,,200,74.0,76.0,4.0,76.0,,,,,,,,
a6cead7c-c00c-4170-a2d6-fa42b76c66a9,,,,,,200,71.0,72.0,0.0,72.0,,,,,,,,
2ce8dca3-3833-4547-bd60-ff39656dab2a,,,,,,200,77.0,76.0,0.0,76.0,,,,,,,,
838edcbb-1c8d-4f08-b7d1-cc0153f64045,,,,,,200,140.0,136.0,0.0,136.0,,,,,,,,
3be10848-f541-4a2c-83b8-04cc0ea70f91,,,,,,200,73.0,76.0,0.0,76.0,,,,,,,,
e03869c7-09dc-4cad-9725-4084ededc700,,,,,,200,82.0,80.0,0.0,80.0,,,,,,,,
3960beed-743e-4299-8736-36c0f45d11ef,,,,,,200,73.0,72.0,0.0,72.0,,,,,,,,
914c98b7-11a7-4c5b-a926-11baae3ed472,,,,,,200,91.0,88.0,0.0,88.0,,,,,,,,
b8ebb95d-1f96-46a9-9111-0d9f36f0b73c,,,,,,200,79.0,76.0,0.0,76.0,,,,,,,,
087fa27c-24b5-4961-be54-ad2adce37932,,,,,,200,73.0,72.0,0.0,72.0,,,,,,,,
1b8b7581-2ffc-4d77-b861-851fb684cba3,,,,,,200,131.0,132.0,0.0,132.0,,,,,,,,
04213389-c6db-47ce-b8eb-3f3fd71af96c,,,,,,200,102.0,100.0,0.0,100.0,,,,,,,,
5fe02971-4a09-424d-b35e-b1189d6f4d1c,,,,,,200,106.0,108.0,0.0,108.0,,,,,,,,
89cf18af-a6cd-49cb-b5bb-c3b19f7327df,,,,,,200,71.0,68.0,0.0,68.0,,,,,,,,
954d567f-b1ab-4a40-98f4-7a4456d88401,,,,,,200,83.0,84.0,4.0,84.0,,,,,,,,
4be3a220-771e-4074-9fde-cdf073e8c010,,,,,,200,73.0,72.0,0.0,72.0,,,,,,,,
babeab02-859e-4a4d-9d17-e34dd8376357,,,,,,200,136.0,136.0,0.0,136.0,,,,,,,,
437b2d7a-9468-48f9-8978-1061c5b4a169,,,,,,200,8.0,8.0,0.0,8.0,,,,,,,,
